indicator,API_UserName,obs_date,OpDiv,observations,curr_date
104.160.6.2,20790633968691748718,2025-03-26,DHA,2,2025-03-26
141.98.252.143,20790633968691748718,2025-03-26,DHA,31,2025-03-26
146.71.50.198,20790633968691748718,2025-03-26,DHA,4587,2025-03-26
191.96.36.115,20790633968691748718,2025-03-26,DHA,3,2025-03-26
193.32.162.79,20790633968691748718,2025-03-26,DHA,1,2025-03-26
198.54.131.36,20790633968691748718,2025-03-26,DHA,17,2025-03-26
20.233.253.125,20790633968691748718,2025-03-26,DHA,74,2025-03-26
207.244.89.161,20790633968691748718,2025-03-26,DHA,21,2025-03-26
207.246.98.111,20790633968691748718,2025-03-26,DHA,41,2025-03-26
66.132.159.246,20790633968691748718,2025-03-26,DHA,8922,2025-03-26
66.132.159.247,20790633968691748718,2025-03-26,DHA,9031,2025-03-26
68.67.179.164,20790633968691748718,2025-03-26,DHA,2478,2025-03-26
6sigma.us,20790633968691748718,2025-03-26,DHA,42,2025-03-26
84.239.47.7,20790633968691748718,2025-03-26,DHA,6,2025-03-26
accentcare.com,20790633968691748718,2025-03-26,DHA,16,2025-03-26
chat.deepseek.com,20790633968691748718,2025-03-26,DHA,244,2025-03-26
clickme.thryv.com,20790633968691748718,2025-03-26,DHA,27,2025-03-26
ctrk.klclick2.com,20790633968691748718,2025-03-26,DHA,887,2025-03-26
google,20790633968691748718,2025-03-26,DHA,56,2025-03-26
i.postimg.cc,20790633968691748718,2025-03-26,DHA,474,2025-03-26
links.rasa.io,20790633968691748718,2025-03-26,DHA,95,2025-03-26
objectstorage.ap-seoul-1.oraclecloud.com,20790633968691748718,2025-03-26,DHA,25,2025-03-26
opnform.com,20790633968691748718,2025-03-26,DHA,4,2025-03-26
selligenttier.naylorcampaigns.com,20790633968691748718,2025-03-26,DHA,88,2025-03-26
shorturl.asia,20790633968691748718,2025-03-26,DHA,36,2025-03-26
www.deepseek.com,20790633968691748718,2025-03-26,DHA,80,2025-03-26
www.sthda.com,20790633968691748718,2025-03-26,DHA,8,2025-03-26
104.160.6.2,20790633968691748718,2025-03-27,DHA,15,2025-03-27
141.98.252.143,20790633968691748718,2025-03-27,DHA,119,2025-03-27
146.71.50.198,20790633968691748718,2025-03-27,DHA,134162,2025-03-27
156.228.112.0,20790633968691748718,2025-03-27,DHA,2,2025-03-27
156.228.124.0,20790633968691748718,2025-03-27,DHA,1,2025-03-27
185.230.63.171,20790633968691748718,2025-03-27,DHA,5,2025-03-27
193.32.162.136,20790633968691748718,2025-03-27,DHA,3,2025-03-27
193.32.162.79,20790633968691748718,2025-03-27,DHA,4,2025-03-27
198.54.131.36,20790633968691748718,2025-03-27,DHA,26,2025-03-27
20.233.253.125,20790633968691748718,2025-03-27,DHA,552,2025-03-27
207.244.89.161,20790633968691748718,2025-03-27,DHA,194,2025-03-27
207.244.89.162,20790633968691748718,2025-03-27,DHA,152,2025-03-27
207.246.98.111,20790633968691748718,2025-03-27,DHA,213,2025-03-27
31.171.154.54,20790633968691748718,2025-03-27,DHA,74,2025-03-27
37.130.34.238,20790633968691748718,2025-03-27,DHA,7,2025-03-27
45.142.193.149,20790633968691748718,2025-03-27,DHA,13,2025-03-27
66.132.159.246,20790633968691748718,2025-03-27,DHA,46157,2025-03-27
66.132.159.247,20790633968691748718,2025-03-27,DHA,42810,2025-03-27
68.67.179.164,20790633968691748718,2025-03-27,DHA,4483,2025-03-27
6sigma.us,20790633968691748718,2025-03-27,DHA,33,2025-03-27
79.124.49.130,20790633968691748718,2025-03-27,DHA,40,2025-03-27
79.124.49.98,20790633968691748718,2025-03-27,DHA,6,2025-03-27
84.239.47.7,20790633968691748718,2025-03-27,DHA,14,2025-03-27
95.173.206.81,20790633968691748718,2025-03-27,DHA,388,2025-03-27
careersinpsychology.org,20790633968691748718,2025-03-27,DHA,20,2025-03-27
cdn.deepseek.com,20790633968691748718,2025-03-27,DHA,10,2025-03-27
chat.deepseek.com,20790633968691748718,2025-03-27,DHA,452,2025-03-27
clickme.thryv.com,20790633968691748718,2025-03-27,DHA,165,2025-03-27
ctrk.klclick2.com,20790633968691748718,2025-03-27,DHA,1149,2025-03-27
gobookmart.com,20790633968691748718,2025-03-27,DHA,31,2025-03-27
i.postimg.cc,20790633968691748718,2025-03-27,DHA,995,2025-03-27
links.rasa.io,20790633968691748718,2025-03-27,DHA,276,2025-03-27
myhellalights.com,20790633968691748718,2025-03-27,DHA,28,2025-03-27
objectstorage.ap-seoul-1.oraclecloud.com,20790633968691748718,2025-03-27,DHA,48,2025-03-27
selligenttier.naylorcampaigns.com,20790633968691748718,2025-03-27,DHA,67,2025-03-27
www.filemail.com,20790633968691748718,2025-03-27,DHA,19,2025-03-27
104.131.6.219,20790633968691748718,2025-03-28,DHA,2,2025-03-28
104.160.6.2,20790633968691748718,2025-03-28,DHA,29,2025-03-28
142.54.229.249,20790633968691748718,2025-03-28,DHA,9,2025-03-28
146.71.50.198,20790633968691748718,2025-03-28,DHA,325718,2025-03-28
156.228.124.0,20790633968691748718,2025-03-28,DHA,1,2025-03-28
159.100.22.240,20790633968691748718,2025-03-28,DHA,113,2025-03-28
162.142.125.242,20790633968691748718,2025-03-28,DHA,3,2025-03-28
162.216.140.51,20790633968691748718,2025-03-28,DHA,4,2025-03-28
165.232.138.158,20790633968691748718,2025-03-28,DHA,6,2025-03-28
185.230.63.171,20790633968691748718,2025-03-28,DHA,18,2025-03-28
198.54.131.36,20790633968691748718,2025-03-28,DHA,23,2025-03-28
207.244.89.162,20790633968691748718,2025-03-28,DHA,33,2025-03-28
207.246.98.111,20790633968691748718,2025-03-28,DHA,254,2025-03-28
45.142.193.149,20790633968691748718,2025-03-28,DHA,12,2025-03-28
66.132.159.246,20790633968691748718,2025-03-28,DHA,74314,2025-03-28
66.132.159.247,20790633968691748718,2025-03-28,DHA,74013,2025-03-28
68.67.179.164,20790633968691748718,2025-03-28,DHA,5601,2025-03-28
95.173.206.81,20790633968691748718,2025-03-28,DHA,2134,2025-03-28
beatthewonderlic.com,20790633968691748718,2025-03-28,DHA,17,2025-03-28
cdn.deepseek.com,20790633968691748718,2025-03-28,DHA,14,2025-03-28
chat.deepseek.com,20790633968691748718,2025-03-28,DHA,238,2025-03-28
clickme.thryv.com,20790633968691748718,2025-03-28,DHA,195,2025-03-28
ctrk.klclick2.com,20790633968691748718,2025-03-28,DHA,1071,2025-03-28
i.postimg.cc,20790633968691748718,2025-03-28,DHA,646,2025-03-28
links.rasa.io,20790633968691748718,2025-03-28,DHA,276,2025-03-28
objectstorage.ap-seoul-1.oraclecloud.com,20790633968691748718,2025-03-28,DHA,47,2025-03-28
r3.o.lencr.org,20790633968691748718,2025-03-28,DHA,10,2025-03-28
selligenttier.naylorcampaigns.com,20790633968691748718,2025-03-28,DHA,51,2025-03-28
www.filemail.com,20790633968691748718,2025-03-28,DHA,15,2025-03-28
www.sthda.com,20790633968691748718,2025-03-28,DHA,26,2025-03-28
104.160.6.2,20790633968691748718,2025-03-29,DHA,6,2025-03-29
146.71.50.198,20790633968691748718,2025-03-29,DHA,413199,2025-03-29
159.100.22.240,20790633968691748718,2025-03-29,DHA,669,2025-03-29
162.142.125.242,20790633968691748718,2025-03-29,DHA,1,2025-03-29
162.142.125.255,20790633968691748718,2025-03-29,DHA,2,2025-03-29
185.248.85.20,20790633968691748718,2025-03-29,DHA,8,2025-03-29
193.32.126.233,20790633968691748718,2025-03-29,DHA,55,2025-03-29
193.32.162.136,20790633968691748718,2025-03-29,DHA,3,2025-03-29
207.244.89.161,20790633968691748718,2025-03-29,DHA,10,2025-03-29
207.244.89.162,20790633968691748718,2025-03-29,DHA,547,2025-03-29
207.246.98.111,20790633968691748718,2025-03-29,DHA,353,2025-03-29
31.171.154.54,20790633968691748718,2025-03-29,DHA,32,2025-03-29
45.142.193.149,20790633968691748718,2025-03-29,DHA,14,2025-03-29
66.132.159.246,20790633968691748718,2025-03-29,DHA,78901,2025-03-29
66.132.159.247,20790633968691748718,2025-03-29,DHA,78713,2025-03-29
67.201.33.10,20790633968691748718,2025-03-29,DHA,9,2025-03-29
68.67.179.164,20790633968691748718,2025-03-29,DHA,1330,2025-03-29
95.173.206.81,20790633968691748718,2025-03-29,DHA,1929,2025-03-29
chat.deepseek.com,20790633968691748718,2025-03-29,DHA,211,2025-03-29
ctrk.klclick2.com,20790633968691748718,2025-03-29,DHA,149,2025-03-29
google,20790633968691748718,2025-03-29,DHA,4,2025-03-29
i.postimg.cc,20790633968691748718,2025-03-29,DHA,146,2025-03-29
links.rasa.io,20790633968691748718,2025-03-29,DHA,31,2025-03-29
104.160.6.2,20790633968691748718,2025-03-30,DHA,9,2025-03-30
136.144.17.145,20790633968691748718,2025-03-30,DHA,2,2025-03-30
146.190.241.65,20790633968691748718,2025-03-30,DHA,1022,2025-03-30
146.71.50.198,20790633968691748718,2025-03-30,DHA,423779,2025-03-30
162.142.125.242,20790633968691748718,2025-03-30,DHA,1,2025-03-30
162.142.125.255,20790633968691748718,2025-03-30,DHA,3,2025-03-30
185.248.85.20,20790633968691748718,2025-03-30,DHA,24,2025-03-30
193.32.126.233,20790633968691748718,2025-03-30,DHA,17,2025-03-30
207.246.98.111,20790633968691748718,2025-03-30,DHA,353,2025-03-30
45.142.193.149,20790633968691748718,2025-03-30,DHA,14,2025-03-30
66.132.159.246,20790633968691748718,2025-03-30,DHA,78440,2025-03-30
66.132.159.247,20790633968691748718,2025-03-30,DHA,78975,2025-03-30
68.67.179.164,20790633968691748718,2025-03-30,DHA,776,2025-03-30
95.173.206.81,20790633968691748718,2025-03-30,DHA,2471,2025-03-30
beholdisrael.org,20790633968691748718,2025-03-30,DHA,10,2025-03-30
cdn.deepseek.com,20790633968691748718,2025-03-30,DHA,5,2025-03-30
chat.deepseek.com,20790633968691748718,2025-03-30,DHA,134,2025-03-30
ctrk.klclick2.com,20790633968691748718,2025-03-30,DHA,110,2025-03-30
i.postimg.cc,20790633968691748718,2025-03-30,DHA,50,2025-03-30
links.rasa.io,20790633968691748718,2025-03-30,DHA,13,2025-03-30
www.deepseek.com,20790633968691748718,2025-03-30,DHA,11,2025-03-30
104.160.6.2,20790633968691748718,2025-03-31,DHA,16,2025-03-31
146.71.50.198,20790633968691748718,2025-03-31,DHA,388363,2025-03-31
162.142.125.242,20790633968691748718,2025-03-31,DHA,5,2025-03-31
162.142.125.255,20790633968691748718,2025-03-31,DHA,1,2025-03-31
185.230.63.171,20790633968691748718,2025-03-31,DHA,10,2025-03-31
185.248.85.20,20790633968691748718,2025-03-31,DHA,57,2025-03-31
193.32.162.136,20790633968691748718,2025-03-31,DHA,6,2025-03-31
193.32.162.79,20790633968691748718,2025-03-31,DHA,2,2025-03-31
198.54.131.36,20790633968691748718,2025-03-31,DHA,23,2025-03-31
207.244.89.161,20790633968691748718,2025-03-31,DHA,39,2025-03-31
207.244.89.162,20790633968691748718,2025-03-31,DHA,7,2025-03-31
207.246.98.111,20790633968691748718,2025-03-31,DHA,239,2025-03-31
45.142.193.207,20790633968691748718,2025-03-31,DHA,3,2025-03-31
66.132.159.246,20790633968691748718,2025-03-31,DHA,71213,2025-03-31
66.132.159.247,20790633968691748718,2025-03-31,DHA,71223,2025-03-31
68.67.179.164,20790633968691748718,2025-03-31,DHA,5244,2025-03-31
6sigma.us,20790633968691748718,2025-03-31,DHA,74,2025-03-31
84.239.47.7,20790633968691748718,2025-03-31,DHA,48,2025-03-31
95.173.206.81,20790633968691748718,2025-03-31,DHA,553,2025-03-31
chat.deepseek.com,20790633968691748718,2025-03-31,DHA,260,2025-03-31
clickme.thryv.com,20790633968691748718,2025-03-31,DHA,179,2025-03-31
ctrk.klclick2.com,20790633968691748718,2025-03-31,DHA,1363,2025-03-31
hickoryridgevillage.org,20790633968691748718,2025-03-31,DHA,8,2025-03-31
i.postimg.cc,20790633968691748718,2025-03-31,DHA,806,2025-03-31
links.rasa.io,20790633968691748718,2025-03-31,DHA,150,2025-03-31
objectstorage.ap-seoul-1.oraclecloud.com,20790633968691748718,2025-03-31,DHA,52,2025-03-31
selligenttier.naylorcampaigns.com,20790633968691748718,2025-03-31,DHA,12,2025-03-31
www.deepseek.com,20790633968691748718,2025-03-31,DHA,31,2025-03-31
www.sthda.com,20790633968691748718,2025-03-31,DHA,46,2025-03-31
104.160.6.2,20790633968691748718,2025-04-01,DHA,15,2025-04-01
138.197.101.95,20790633968691748718,2025-04-01,DHA,2,2025-04-01
146.71.50.198,20790633968691748718,2025-04-01,DHA,140343,2025-04-01
162.142.125.242,20790633968691748718,2025-04-01,DHA,5,2025-04-01
162.142.125.255,20790633968691748718,2025-04-01,DHA,4,2025-04-01
169.150.227.205,20790633968691748718,2025-04-01,DHA,100,2025-04-01
185.230.63.171,20790633968691748718,2025-04-01,DHA,3,2025-04-01
185.99.133.112,20790633968691748718,2025-04-01,DHA,56,2025-04-01
193.32.126.233,20790633968691748718,2025-04-01,DHA,339,2025-04-01
193.32.162.136,20790633968691748718,2025-04-01,DHA,1,2025-04-01
203.92.36.106,20790633968691748718,2025-04-01,DHA,446,2025-04-01
207.244.89.161,20790633968691748718,2025-04-01,DHA,72,2025-04-01
207.244.89.162,20790633968691748718,2025-04-01,DHA,10,2025-04-01
207.246.98.111,20790633968691748718,2025-04-01,DHA,177,2025-04-01
23.205.105.180,20790633968691748718,2025-04-01,DHA,653,2025-04-01
45.142.193.149,20790633968691748718,2025-04-01,DHA,25,2025-04-01
45.142.193.152,20790633968691748718,2025-04-01,DHA,8,2025-04-01
45.142.193.183,20790633968691748718,2025-04-01,DHA,62,2025-04-01
45.142.193.207,20790633968691748718,2025-04-01,DHA,50,2025-04-01
45.142.193.247,20790633968691748718,2025-04-01,DHA,60,2025-04-01
45.142.193.51,20790633968691748718,2025-04-01,DHA,54,2025-04-01
66.132.159.246,20790633968691748718,2025-04-01,DHA,38708,2025-04-01
66.132.159.247,20790633968691748718,2025-04-01,DHA,38998,2025-04-01
68.67.179.164,20790633968691748718,2025-04-01,DHA,3298,2025-04-01
6sigma.us,20790633968691748718,2025-04-01,DHA,20,2025-04-01
79.124.49.130,20790633968691748718,2025-04-01,DHA,49,2025-04-01
79.124.49.226,20790633968691748718,2025-04-01,DHA,32,2025-04-01
91.196.152.40,20790633968691748718,2025-04-01,DHA,64863,2025-04-01
91.196.152.44,20790633968691748718,2025-04-01,DHA,76435,2025-04-01
91.196.152.45,20790633968691748718,2025-04-01,DHA,77600,2025-04-01
91.196.152.46,20790633968691748718,2025-04-01,DHA,65136,2025-04-01
91.196.152.47,20790633968691748718,2025-04-01,DHA,33851,2025-04-01
91.196.152.56,20790633968691748718,2025-04-01,DHA,66201,2025-04-01
91.196.152.66,20790633968691748718,2025-04-01,DHA,64882,2025-04-01
91.196.152.67,20790633968691748718,2025-04-01,DHA,34188,2025-04-01
91.196.152.71,20790633968691748718,2025-04-01,DHA,34209,2025-04-01
beatthewonderlic.com,20790633968691748718,2025-04-01,DHA,24,2025-04-01
certifiedblob.com,20790633968691748718,2025-04-01,DHA,16,2025-04-01
chat.deepseek.com,20790633968691748718,2025-04-01,DHA,479,2025-04-01
clickme.thryv.com,20790633968691748718,2025-04-01,DHA,209,2025-04-01
ctrk.klclick2.com,20790633968691748718,2025-04-01,DHA,1155,2025-04-01
i.postimg.cc,20790633968691748718,2025-04-01,DHA,853,2025-04-01
links.rasa.io,20790633968691748718,2025-04-01,DHA,105,2025-04-01
mavink.com,20790633968691748718,2025-04-01,DHA,4713,2025-04-01
r3.o.lencr.org,20790633968691748718,2025-04-01,DHA,14,2025-04-01
selligenttier.naylorcampaigns.com,20790633968691748718,2025-04-01,DHA,22,2025-04-01
www.deepseek.com,20790633968691748718,2025-04-01,DHA,29,2025-04-01
www.filemail.com,20790633968691748718,2025-04-01,DHA,7,2025-04-01
104.160.6.2,20790633968691748718,2025-04-02,DHA,14,2025-04-02
146.71.50.198,20790633968691748718,2025-04-02,DHA,164105,2025-04-02
149.22.94.37,20790633968691748718,2025-04-02,DHA,5,2025-04-02
162.142.125.242,20790633968691748718,2025-04-02,DHA,13,2025-04-02
162.142.125.255,20790633968691748718,2025-04-02,DHA,10,2025-04-02
169.150.227.205,20790633968691748718,2025-04-02,DHA,38,2025-04-02
185.117.119.108,20790633968691748718,2025-04-02,DHA,1,2025-04-02
185.230.63.171,20790633968691748718,2025-04-02,DHA,2,2025-04-02
193.32.126.233,20790633968691748718,2025-04-02,DHA,149,2025-04-02
193.32.162.136,20790633968691748718,2025-04-02,DHA,7,2025-04-02
193.32.162.79,20790633968691748718,2025-04-02,DHA,8,2025-04-02
203.92.36.106,20790633968691748718,2025-04-02,DHA,2532,2025-04-02
207.244.89.161,20790633968691748718,2025-04-02,DHA,4,2025-04-02
207.246.98.111,20790633968691748718,2025-04-02,DHA,184,2025-04-02
31.171.154.54,20790633968691748718,2025-04-02,DHA,61,2025-04-02
45.142.193.106,20790633968691748718,2025-04-02,DHA,18,2025-04-02
45.142.193.149,20790633968691748718,2025-04-02,DHA,129,2025-04-02
45.142.193.152,20790633968691748718,2025-04-02,DHA,111,2025-04-02
45.142.193.183,20790633968691748718,2025-04-02,DHA,363,2025-04-02
45.142.193.207,20790633968691748718,2025-04-02,DHA,329,2025-04-02
45.142.193.247,20790633968691748718,2025-04-02,DHA,354,2025-04-02
45.142.193.51,20790633968691748718,2025-04-02,DHA,339,2025-04-02
66.132.159.246,20790633968691748718,2025-04-02,DHA,41430,2025-04-02
66.132.159.247,20790633968691748718,2025-04-02,DHA,41896,2025-04-02
66.22.212.131,20790633968691748718,2025-04-02,DHA,347,2025-04-02
68.67.179.164,20790633968691748718,2025-04-02,DHA,3879,2025-04-02
6sigma.us,20790633968691748718,2025-04-02,DHA,44,2025-04-02
79.124.49.130,20790633968691748718,2025-04-02,DHA,128,2025-04-02
79.124.49.226,20790633968691748718,2025-04-02,DHA,122,2025-04-02
91.196.152.40,20790633968691748718,2025-04-02,DHA,3,2025-04-02
95.173.206.81,20790633968691748718,2025-04-02,DHA,5068,2025-04-02
cdn.deepseek.com,20790633968691748718,2025-04-02,DHA,19,2025-04-02
clickme.thryv.com,20790633968691748718,2025-04-02,DHA,118,2025-04-02
ctrk.klclick2.com,20790633968691748718,2025-04-02,DHA,1086,2025-04-02
gobookmart.com,20790633968691748718,2025-04-02,DHA,16,2025-04-02
i.postimg.cc,20790633968691748718,2025-04-02,DHA,785,2025-04-02
links.rasa.io,20790633968691748718,2025-04-02,DHA,491,2025-04-02
ministryspark.com,20790633968691748718,2025-04-02,DHA,26,2025-04-02
ndeb-bned.ca,20790633968691748718,2025-04-02,DHA,15,2025-04-02
objectstorage.ap-seoul-1.oraclecloud.com,20790633968691748718,2025-04-02,DHA,59,2025-04-02
r3.o.lencr.org,20790633968691748718,2025-04-02,DHA,115,2025-04-02
selligenttier.naylorcampaigns.com,20790633968691748718,2025-04-02,DHA,71,2025-04-02
www.deepseek.com,20790633968691748718,2025-04-02,DHA,91,2025-04-02
104.160.6.2,20790633968691748718,2025-04-03,DHA,7,2025-04-03
111.67.197.113,20790633968691748718,2025-04-03,DHA,1,2025-04-03
146.71.50.198,20790633968691748718,2025-04-03,DHA,164010,2025-04-03
156.228.124.0,20790633968691748718,2025-04-03,DHA,2,2025-04-03
162.142.125.242,20790633968691748718,2025-04-03,DHA,18,2025-04-03
162.142.125.255,20790633968691748718,2025-04-03,DHA,22,2025-04-03
163.5.171.49,20790633968691748718,2025-04-03,DHA,10,2025-04-03
172.98.33.195,20790633968691748718,2025-04-03,DHA,19,2025-04-03
182.156.18.146,20790633968691748718,2025-04-03,DHA,3083,2025-04-03
185.230.63.171,20790633968691748718,2025-04-03,DHA,16,2025-04-03
185.248.85.20,20790633968691748718,2025-04-03,DHA,6,2025-04-03
193.32.162.136,20790633968691748718,2025-04-03,DHA,4,2025-04-03
193.32.162.79,20790633968691748718,2025-04-03,DHA,3,2025-04-03
203.92.36.106,20790633968691748718,2025-04-03,DHA,15435,2025-04-03
207.244.89.161,20790633968691748718,2025-04-03,DHA,11,2025-04-03
207.246.98.111,20790633968691748718,2025-04-03,DHA,147,2025-04-03
23.205.105.180,20790633968691748718,2025-04-03,DHA,14,2025-04-03
31.171.154.54,20790633968691748718,2025-04-03,DHA,233,2025-04-03
45.142.193.149,20790633968691748718,2025-04-03,DHA,158,2025-04-03
45.142.193.152,20790633968691748718,2025-04-03,DHA,120,2025-04-03
45.142.193.183,20790633968691748718,2025-04-03,DHA,201,2025-04-03
45.142.193.207,20790633968691748718,2025-04-03,DHA,179,2025-04-03
45.142.193.247,20790633968691748718,2025-04-03,DHA,162,2025-04-03
45.142.193.51,20790633968691748718,2025-04-03,DHA,275,2025-04-03
66.132.159.246,20790633968691748718,2025-04-03,DHA,44502,2025-04-03
66.132.159.247,20790633968691748718,2025-04-03,DHA,43691,2025-04-03
68.67.179.164,20790633968691748718,2025-04-03,DHA,3845,2025-04-03
6sigma.us,20790633968691748718,2025-04-03,DHA,82,2025-04-03
79.124.49.130,20790633968691748718,2025-04-03,DHA,124,2025-04-03
79.124.49.226,20790633968691748718,2025-04-03,DHA,146,2025-04-03
91.196.152.40,20790633968691748718,2025-04-03,DHA,8,2025-04-03
95.173.206.81,20790633968691748718,2025-04-03,DHA,4115,2025-04-03
cdn.deepseek.com,20790633968691748718,2025-04-03,DHA,21,2025-04-03
chat.deepseek.com,20790633968691748718,2025-04-03,DHA,436,2025-04-03
clickme.thryv.com,20790633968691748718,2025-04-03,DHA,126,2025-04-03
ctrk.klclick2.com,20790633968691748718,2025-04-03,DHA,913,2025-04-03
facebookmail.com,20790633968691748718,2025-04-03,DHA,41,2025-04-03
i.postimg.cc,20790633968691748718,2025-04-03,DHA,925,2025-04-03
links.rasa.io,20790633968691748718,2025-04-03,DHA,310,2025-04-03
meyekesemegyfotease.org,20790633968691748718,2025-04-03,DHA,96,2025-04-03
myhellalights.com,20790633968691748718,2025-04-03,DHA,9,2025-04-03
objectstorage.ap-seoul-1.oraclecloud.com,20790633968691748718,2025-04-03,DHA,38,2025-04-03
r3.o.lencr.org,20790633968691748718,2025-04-03,DHA,13,2025-04-03
shorturl.asia,20790633968691748718,2025-04-03,DHA,5,2025-04-03
www.deepseek.com,20790633968691748718,2025-04-03,DHA,25,2025-04-03
www.sthda.com,20790633968691748718,2025-04-03,DHA,29,2025-04-03
104.160.6.2,20790633968691748718,2025-04-04,DHA,10,2025-04-04
118.193.59.10,20790633968691748718,2025-04-04,DHA,1,2025-04-04
138.197.101.95,20790633968691748718,2025-04-04,DHA,2,2025-04-04
146.71.50.198,20790633968691748718,2025-04-04,DHA,250971,2025-04-04
162.142.125.242,20790633968691748718,2025-04-04,DHA,17,2025-04-04
162.142.125.255,20790633968691748718,2025-04-04,DHA,19,2025-04-04
163.5.171.49,20790633968691748718,2025-04-04,DHA,76,2025-04-04
185.230.63.171,20790633968691748718,2025-04-04,DHA,6,2025-04-04
193.32.162.79,20790633968691748718,2025-04-04,DHA,5,2025-04-04
207.244.89.161,20790633968691748718,2025-04-04,DHA,39,2025-04-04
207.246.98.111,20790633968691748718,2025-04-04,DHA,134,2025-04-04
31.171.154.54,20790633968691748718,2025-04-04,DHA,284,2025-04-04
45.142.193.106,20790633968691748718,2025-04-04,DHA,9,2025-04-04
45.142.193.149,20790633968691748718,2025-04-04,DHA,206,2025-04-04
45.142.193.152,20790633968691748718,2025-04-04,DHA,141,2025-04-04
45.142.193.183,20790633968691748718,2025-04-04,DHA,187,2025-04-04
45.142.193.207,20790633968691748718,2025-04-04,DHA,222,2025-04-04
45.142.193.247,20790633968691748718,2025-04-04,DHA,192,2025-04-04
45.142.193.51,20790633968691748718,2025-04-04,DHA,201,2025-04-04
47.237.115.193,20790633968691748718,2025-04-04,DHA,4,2025-04-04
66.132.159.246,20790633968691748718,2025-04-04,DHA,51456,2025-04-04
66.132.159.247,20790633968691748718,2025-04-04,DHA,51996,2025-04-04
68.67.179.164,20790633968691748718,2025-04-04,DHA,3587,2025-04-04
6sigma.us,20790633968691748718,2025-04-04,DHA,87,2025-04-04
79.124.49.130,20790633968691748718,2025-04-04,DHA,159,2025-04-04
79.124.49.226,20790633968691748718,2025-04-04,DHA,162,2025-04-04
89.31.143.90,20790633968691748718,2025-04-04,DHA,14,2025-04-04
beholdisrael.org,20790633968691748718,2025-04-04,DHA,3,2025-04-04
bestmenscolognes.com,20790633968691748718,2025-04-04,DHA,48,2025-04-04
chat.deepseek.com,20790633968691748718,2025-04-04,DHA,365,2025-04-04
clickme.thryv.com,20790633968691748718,2025-04-04,DHA,115,2025-04-04
ctrk.klclick2.com,20790633968691748718,2025-04-04,DHA,1007,2025-04-04
i.postimg.cc,20790633968691748718,2025-04-04,DHA,656,2025-04-04
links.rasa.io,20790633968691748718,2025-04-04,DHA,273,2025-04-04
modernstoicism.com,20790633968691748718,2025-04-04,DHA,12,2025-04-04
objectstorage.ap-seoul-1.oraclecloud.com,20790633968691748718,2025-04-04,DHA,42,2025-04-04
selligenttier.naylorcampaigns.com,20790633968691748718,2025-04-04,DHA,22,2025-04-04
shorturl.asia,20790633968691748718,2025-04-04,DHA,36,2025-04-04
www.deepseek.com,20790633968691748718,2025-04-04,DHA,50,2025-04-04
www.sthda.com,20790633968691748718,2025-04-04,DHA,28,2025-04-04
102.68.39.251,20790633968691748718,2025-04-05,DHA,3,2025-04-05
104.160.6.2,20790633968691748718,2025-04-05,DHA,8,2025-04-05
146.71.50.198,20790633968691748718,2025-04-05,DHA,366052,2025-04-05
162.142.125.242,20790633968691748718,2025-04-05,DHA,38,2025-04-05
162.142.125.255,20790633968691748718,2025-04-05,DHA,41,2025-04-05
185.153.151.137,20790633968691748718,2025-04-05,DHA,4,2025-04-05
185.230.63.171,20790633968691748718,2025-04-05,DHA,6,2025-04-05
193.32.162.136,20790633968691748718,2025-04-05,DHA,13,2025-04-05
193.32.162.79,20790633968691748718,2025-04-05,DHA,10,2025-04-05
207.246.98.111,20790633968691748718,2025-04-05,DHA,176,2025-04-05
31.171.154.54,20790633968691748718,2025-04-05,DHA,432,2025-04-05
45.142.193.149,20790633968691748718,2025-04-05,DHA,340,2025-04-05
45.142.193.152,20790633968691748718,2025-04-05,DHA,1531,2025-04-05
45.142.193.183,20790633968691748718,2025-04-05,DHA,906,2025-04-05
45.142.193.207,20790633968691748718,2025-04-05,DHA,896,2025-04-05
45.142.193.247,20790633968691748718,2025-04-05,DHA,905,2025-04-05
45.142.193.51,20790633968691748718,2025-04-05,DHA,838,2025-04-05
47.237.115.193,20790633968691748718,2025-04-05,DHA,18,2025-04-05
66.132.159.246,20790633968691748718,2025-04-05,DHA,72340,2025-04-05
66.132.159.247,20790633968691748718,2025-04-05,DHA,71686,2025-04-05
68.67.179.164,20790633968691748718,2025-04-05,DHA,761,2025-04-05
79.124.49.130,20790633968691748718,2025-04-05,DHA,241,2025-04-05
79.124.49.226,20790633968691748718,2025-04-05,DHA,269,2025-04-05
91.196.152.40,20790633968691748718,2025-04-05,DHA,7,2025-04-05
95.173.206.81,20790633968691748718,2025-04-05,DHA,730,2025-04-05
chat.deepseek.com,20790633968691748718,2025-04-05,DHA,109,2025-04-05
ctrk.klclick2.com,20790633968691748718,2025-04-05,DHA,124,2025-04-05
facebookmail.com,20790633968691748718,2025-04-05,DHA,2,2025-04-05
i.postimg.cc,20790633968691748718,2025-04-05,DHA,102,2025-04-05
links.rasa.io,20790633968691748718,2025-04-05,DHA,30,2025-04-05
www.deepseek.com,20790633968691748718,2025-04-05,DHA,19,2025-04-05
104.160.6.2,20790633968691748718,2025-04-06,DHA,6,2025-04-06
139.162.108.25,20790633968691748718,2025-04-06,DHA,2,2025-04-06
146.71.50.198,20790633968691748718,2025-04-06,DHA,355123,2025-04-06
162.142.125.242,20790633968691748718,2025-04-06,DHA,35,2025-04-06
162.142.125.255,20790633968691748718,2025-04-06,DHA,42,2025-04-06
172.98.33.195,20790633968691748718,2025-04-06,DHA,7,2025-04-06
185.248.85.20,20790633968691748718,2025-04-06,DHA,78,2025-04-06
193.32.162.136,20790633968691748718,2025-04-06,DHA,18,2025-04-06
193.32.162.79,20790633968691748718,2025-04-06,DHA,16,2025-04-06
207.246.98.111,20790633968691748718,2025-04-06,DHA,177,2025-04-06
23.205.105.180,20790633968691748718,2025-04-06,DHA,45,2025-04-06
31.171.154.54,20790633968691748718,2025-04-06,DHA,1105,2025-04-06
45.142.193.106,20790633968691748718,2025-04-06,DHA,28,2025-04-06
45.142.193.149,20790633968691748718,2025-04-06,DHA,58,2025-04-06
45.142.193.152,20790633968691748718,2025-04-06,DHA,12,2025-04-06
45.142.193.183,20790633968691748718,2025-04-06,DHA,874,2025-04-06
45.142.193.207,20790633968691748718,2025-04-06,DHA,886,2025-04-06
45.142.193.247,20790633968691748718,2025-04-06,DHA,850,2025-04-06
45.142.193.51,20790633968691748718,2025-04-06,DHA,807,2025-04-06
66.132.159.246,20790633968691748718,2025-04-06,DHA,68800,2025-04-06
66.132.159.247,20790633968691748718,2025-04-06,DHA,69300,2025-04-06
68.67.179.164,20790633968691748718,2025-04-06,DHA,917,2025-04-06
91.196.152.40,20790633968691748718,2025-04-06,DHA,8,2025-04-06
91.196.152.44,20790633968691748718,2025-04-06,DHA,4,2025-04-06
chat.deepseek.com,20790633968691748718,2025-04-06,DHA,120,2025-04-06
ctrk.klclick2.com,20790633968691748718,2025-04-06,DHA,107,2025-04-06
i.postimg.cc,20790633968691748718,2025-04-06,DHA,74,2025-04-06
r3.o.lencr.org,20790633968691748718,2025-04-06,DHA,5,2025-04-06
104.160.6.2,20790633968691748718,2025-04-07,DHA,9,2025-04-07
111.67.197.113,20790633968691748718,2025-04-07,DHA,5,2025-04-07
146.190.241.65,20790633968691748718,2025-04-07,DHA,1,2025-04-07
146.71.50.198,20790633968691748718,2025-04-07,DHA,267975,2025-04-07
162.142.125.242,20790633968691748718,2025-04-07,DHA,36,2025-04-07
162.142.125.255,20790633968691748718,2025-04-07,DHA,22,2025-04-07
185.230.63.171,20790633968691748718,2025-04-07,DHA,3,2025-04-07
193.32.162.136,20790633968691748718,2025-04-07,DHA,16,2025-04-07
193.32.162.79,20790633968691748718,2025-04-07,DHA,24,2025-04-07
207.244.89.161,20790633968691748718,2025-04-07,DHA,4,2025-04-07
207.244.89.162,20790633968691748718,2025-04-07,DHA,202,2025-04-07
207.246.98.111,20790633968691748718,2025-04-07,DHA,145,2025-04-07
31.171.154.54,20790633968691748718,2025-04-07,DHA,1285,2025-04-07
45.142.193.106,20790633968691748718,2025-04-07,DHA,14,2025-04-07
45.142.193.183,20790633968691748718,2025-04-07,DHA,656,2025-04-07
45.142.193.207,20790633968691748718,2025-04-07,DHA,672,2025-04-07
45.142.193.247,20790633968691748718,2025-04-07,DHA,681,2025-04-07
45.142.193.51,20790633968691748718,2025-04-07,DHA,624,2025-04-07
66.132.159.246,20790633968691748718,2025-04-07,DHA,53554,2025-04-07
66.132.159.247,20790633968691748718,2025-04-07,DHA,52796,2025-04-07
68.67.179.164,20790633968691748718,2025-04-07,DHA,4896,2025-04-07
6sigma.us,20790633968691748718,2025-04-07,DHA,52,2025-04-07
84.239.47.7,20790633968691748718,2025-04-07,DHA,2,2025-04-07
accentcare.com,20790633968691748718,2025-04-07,DHA,6,2025-04-07
cdn.deepseek.com,20790633968691748718,2025-04-07,DHA,15,2025-04-07
chat.deepseek.com,20790633968691748718,2025-04-07,DHA,230,2025-04-07
clickme.thryv.com,20790633968691748718,2025-04-07,DHA,72,2025-04-07
ctrk.klclick2.com,20790633968691748718,2025-04-07,DHA,1114,2025-04-07
doculivery.com,20790633968691748718,2025-04-07,DHA,8,2025-04-07
facebookmail.com,20790633968691748718,2025-04-07,DHA,56,2025-04-07
google,20790633968691748718,2025-04-07,DHA,7,2025-04-07
i.postimg.cc,20790633968691748718,2025-04-07,DHA,834,2025-04-07
links.rasa.io,20790633968691748718,2025-04-07,DHA,249,2025-04-07
mavink.com,20790633968691748718,2025-04-07,DHA,38,2025-04-07
objectstorage.ap-seoul-1.oraclecloud.com,20790633968691748718,2025-04-07,DHA,31,2025-04-07
r3.o.lencr.org,20790633968691748718,2025-04-07,DHA,12,2025-04-07
selligenttier.naylorcampaigns.com,20790633968691748718,2025-04-07,DHA,18,2025-04-07
shorturl.asia,20790633968691748718,2025-04-07,DHA,33,2025-04-07
www.deepseek.com,20790633968691748718,2025-04-07,DHA,35,2025-04-07
104.131.6.219,20790633968691748718,2025-04-08,DHA,1,2025-04-08
104.160.6.2,20790633968691748718,2025-04-08,DHA,10,2025-04-08
146.190.241.65,20790633968691748718,2025-04-08,DHA,8,2025-04-08
146.71.50.198,20790633968691748718,2025-04-08,DHA,176924,2025-04-08
149.22.94.37,20790633968691748718,2025-04-08,DHA,2,2025-04-08
162.142.125.242,20790633968691748718,2025-04-08,DHA,20,2025-04-08
162.142.125.255,20790633968691748718,2025-04-08,DHA,14,2025-04-08
169.150.203.22,20790633968691748718,2025-04-08,DHA,48,2025-04-08
185.230.63.171,20790633968691748718,2025-04-08,DHA,11,2025-04-08
193.32.126.233,20790633968691748718,2025-04-08,DHA,285,2025-04-08
193.32.162.136,20790633968691748718,2025-04-08,DHA,5,2025-04-08
207.244.89.162,20790633968691748718,2025-04-08,DHA,9,2025-04-08
207.246.98.111,20790633968691748718,2025-04-08,DHA,114,2025-04-08
45.142.193.106,20790633968691748718,2025-04-08,DHA,76,2025-04-08
45.142.193.183,20790633968691748718,2025-04-08,DHA,466,2025-04-08
45.142.193.207,20790633968691748718,2025-04-08,DHA,422,2025-04-08
45.142.193.247,20790633968691748718,2025-04-08,DHA,443,2025-04-08
45.142.193.51,20790633968691748718,2025-04-08,DHA,432,2025-04-08
45.55.130.199,20790633968691748718,2025-04-08,DHA,109,2025-04-08
66.132.159.246,20790633968691748718,2025-04-08,DHA,34164,2025-04-08
66.132.159.247,20790633968691748718,2025-04-08,DHA,33949,2025-04-08
68.67.179.164,20790633968691748718,2025-04-08,DHA,3361,2025-04-08
6sigma.us,20790633968691748718,2025-04-08,DHA,26,2025-04-08
91.196.152.40,20790633968691748718,2025-04-08,DHA,4,2025-04-08
91.196.152.44,20790633968691748718,2025-04-08,DHA,3,2025-04-08
cdn.deepseek.com,20790633968691748718,2025-04-08,DHA,16,2025-04-08
chat.deepseek.com,20790633968691748718,2025-04-08,DHA,302,2025-04-08
clickme.thryv.com,20790633968691748718,2025-04-08,DHA,73,2025-04-08
ctrk.klclick2.com,20790633968691748718,2025-04-08,DHA,977,2025-04-08
i.postimg.cc,20790633968691748718,2025-04-08,DHA,446,2025-04-08
leatherbook.org,20790633968691748718,2025-04-08,DHA,327,2025-04-08
links.rasa.io,20790633968691748718,2025-04-08,DHA,189,2025-04-08
meyekesemegyfotease.org,20790633968691748718,2025-04-08,DHA,80,2025-04-08
objectstorage.ap-seoul-1.oraclecloud.com,20790633968691748718,2025-04-08,DHA,42,2025-04-08
r3.o.lencr.org,20790633968691748718,2025-04-08,DHA,15,2025-04-08
www.deepseek.com,20790633968691748718,2025-04-08,DHA,105,2025-04-08
104.131.6.219,20790633968691748718,2025-04-09,DHA,1,2025-04-09
104.160.6.2,20790633968691748718,2025-04-09,DHA,8,2025-04-09
141.98.252.143,20790633968691748718,2025-04-09,DHA,17,2025-04-09
146.71.50.198,20790633968691748718,2025-04-09,DHA,132818,2025-04-09
162.142.125.242,20790633968691748718,2025-04-09,DHA,19,2025-04-09
169.150.203.22,20790633968691748718,2025-04-09,DHA,145,2025-04-09
193.32.126.233,20790633968691748718,2025-04-09,DHA,551,2025-04-09
193.32.162.136,20790633968691748718,2025-04-09,DHA,10,2025-04-09
193.32.162.79,20790633968691748718,2025-04-09,DHA,5,2025-04-09
207.244.89.161,20790633968691748718,2025-04-09,DHA,15,2025-04-09
207.244.89.162,20790633968691748718,2025-04-09,DHA,7,2025-04-09
207.246.98.111,20790633968691748718,2025-04-09,DHA,109,2025-04-09
45.142.193.183,20790633968691748718,2025-04-09,DHA,228,2025-04-09
45.142.193.51,20790633968691748718,2025-04-09,DHA,232,2025-04-09
47.237.115.193,20790633968691748718,2025-04-09,DHA,2,2025-04-09
66.132.159.246,20790633968691748718,2025-04-09,DHA,34711,2025-04-09
66.132.159.247,20790633968691748718,2025-04-09,DHA,34514,2025-04-09
68.67.179.164,20790633968691748718,2025-04-09,DHA,3171,2025-04-09
6sigma.us,20790633968691748718,2025-04-09,DHA,11,2025-04-09
84.239.47.7,20790633968691748718,2025-04-09,DHA,14,2025-04-09
91.196.152.40,20790633968691748718,2025-04-09,DHA,4,2025-04-09
91.196.152.44,20790633968691748718,2025-04-09,DHA,3,2025-04-09
cdn.deepseek.com,20790633968691748718,2025-04-09,DHA,20,2025-04-09
chat.deepseek.com,20790633968691748718,2025-04-09,DHA,418,2025-04-09
clickme.thryv.com,20790633968691748718,2025-04-09,DHA,83,2025-04-09
ctrk.klclick2.com,20790633968691748718,2025-04-09,DHA,940,2025-04-09
links.rasa.io,20790633968691748718,2025-04-09,DHA,401,2025-04-09
objectstorage.ap-seoul-1.oraclecloud.com,20790633968691748718,2025-04-09,DHA,48,2025-04-09
selligenttier.naylorcampaigns.com,20790633968691748718,2025-04-09,DHA,50,2025-04-09
www.deepseek.com,20790633968691748718,2025-04-09,DHA,37,2025-04-09
www.sthda.com,20790633968691748718,2025-04-09,DHA,16,2025-04-09
104.160.6.2,20790633968691748718,2025-04-10,DHA,11,2025-04-10
118.193.72.187,20790633968691748718,2025-04-10,DHA,3,2025-04-10
146.71.50.198,20790633968691748718,2025-04-10,DHA,221740,2025-04-10
152.32.128.214,20790633968691748718,2025-04-10,DHA,1,2025-04-10
162.142.125.242,20790633968691748718,2025-04-10,DHA,19,2025-04-10
162.142.125.255,20790633968691748718,2025-04-10,DHA,29,2025-04-10
169.150.203.22,20790633968691748718,2025-04-10,DHA,236,2025-04-10
185.230.63.171,20790633968691748718,2025-04-10,DHA,2,2025-04-10
193.32.162.136,20790633968691748718,2025-04-10,DHA,12,2025-04-10
198.54.131.36,20790633968691748718,2025-04-10,DHA,24,2025-04-10
207.244.89.162,20790633968691748718,2025-04-10,DHA,14,2025-04-10
207.246.98.111,20790633968691748718,2025-04-10,DHA,130,2025-04-10
23.205.105.180,20790633968691748718,2025-04-10,DHA,82,2025-04-10
45.142.193.106,20790633968691748718,2025-04-10,DHA,34,2025-04-10
45.142.193.183,20790633968691748718,2025-04-10,DHA,183,2025-04-10
45.142.193.207,20790633968691748718,2025-04-10,DHA,180,2025-04-10
45.142.193.247,20790633968691748718,2025-04-10,DHA,165,2025-04-10
45.142.193.51,20790633968691748718,2025-04-10,DHA,166,2025-04-10
66.132.159.246,20790633968691748718,2025-04-10,DHA,40054,2025-04-10
66.132.159.247,20790633968691748718,2025-04-10,DHA,40030,2025-04-10
68.67.179.164,20790633968691748718,2025-04-10,DHA,3194,2025-04-10
6sigma.us,20790633968691748718,2025-04-10,DHA,32,2025-04-10
91.196.152.40,20790633968691748718,2025-04-10,DHA,5,2025-04-10
alphatron.tv,20790633968691748718,2025-04-10,DHA,4,2025-04-10
bestmenscolognes.com,20790633968691748718,2025-04-10,DHA,69,2025-04-10
cdn.deepseek.com,20790633968691748718,2025-04-10,DHA,54,2025-04-10
chat.deepseek.com,20790633968691748718,2025-04-10,DHA,223,2025-04-10
clickme.thryv.com,20790633968691748718,2025-04-10,DHA,170,2025-04-10
ctrk.klclick2.com,20790633968691748718,2025-04-10,DHA,797,2025-04-10
facebookmail.com,20790633968691748718,2025-04-10,DHA,320,2025-04-10
links.rasa.io,20790633968691748718,2025-04-10,DHA,195,2025-04-10
localfirstbank.com,20790633968691748718,2025-04-10,DHA,7,2025-04-10
mavink.com,20790633968691748718,2025-04-10,DHA,17,2025-04-10
objectstorage.ap-seoul-1.oraclecloud.com,20790633968691748718,2025-04-10,DHA,42,2025-04-10
page.24supportkit.com,20790633968691748718,2025-04-10,DHA,38,2025-04-10
pianowithjonny.com,20790633968691748718,2025-04-10,DHA,10,2025-04-10
www.deepseek.com,20790633968691748718,2025-04-10,DHA,86,2025-04-10
45.142.193.183,20790633968691748718,2025-04-11,DHA,493,2025-04-11
45.142.193.207,20790633968691748718,2025-04-11,DHA,471,2025-04-11
45.142.193.247,20790633968691748718,2025-04-11,DHA,503,2025-04-11
45.142.193.51,20790633968691748718,2025-04-11,DHA,412,2025-04-11
45.142.193.106,20790633968691748718,2025-04-11,DHA,211,2025-04-11
45.142.193.131,20790633968691748718,2025-04-11,DHA,35,2025-04-11
162.142.125.242,20790633968691748718,2025-04-11,DHA,21,2025-04-11
146.71.50.198,20790633968691748718,2025-04-11,DHA,237974,2025-04-11
162.142.125.255,20790633968691748718,2025-04-11,DHA,18,2025-04-11
193.32.162.136,20790633968691748718,2025-04-11,DHA,7,2025-04-11
47.237.115.193,20790633968691748718,2025-04-11,DHA,2,2025-04-11
193.32.162.79,20790633968691748718,2025-04-11,DHA,4,2025-04-11
66.132.159.246,20790633968691748718,2025-04-11,DHA,34639,2025-04-11
91.196.152.45,20790633968691748718,2025-04-11,DHA,1,2025-04-11
66.132.159.247,20790633968691748718,2025-04-11,DHA,34242,2025-04-11
91.196.152.40,20790633968691748718,2025-04-11,DHA,3,2025-04-11
68.67.179.164,20790633968691748718,2025-04-11,DHA,1480,2025-04-11
66.22.212.131,20790633968691748718,2025-04-11,DHA,2376,2025-04-11
ctrk.klclick2.com,20790633968691748718,2025-04-11,DHA,220,2025-04-11
links.rasa.io,20790633968691748718,2025-04-11,DHA,178,2025-04-11
169.150.203.22,20790633968691748718,2025-04-11,DHA,209,2025-04-11
207.246.98.111,20790633968691748718,2025-04-11,DHA,108,2025-04-11
chat.deepseek.com,20790633968691748718,2025-04-11,DHA,57,2025-04-11
objectstorage.ap-seoul-1.oraclecloud.com,20790633968691748718,2025-04-11,DHA,34,2025-04-11
207.244.89.161,20790633968691748718,2025-04-11,DHA,25,2025-04-11
selligenttier.naylorcampaigns.com,20790633968691748718,2025-04-11,DHA,15,2025-04-11
104.160.6.2,20790633968691748718,2025-04-11,DHA,13,2025-04-11
191.96.36.115,20790633968691748718,2025-04-11,DHA,9,2025-04-11
clickme.thryv.com,20790633968691748718,2025-04-11,DHA,8,2025-04-11
84.239.47.7,20790633968691748718,2025-04-11,DHA,5,2025-04-11
146.71.50.198,20790633968691748718,2025-04-11,DHA,318190,2025-04-11
162.142.125.242,20790633968691748718,2025-04-11,DHA,27,2025-04-11
162.142.125.255,20790633968691748718,2025-04-11,DHA,26,2025-04-11
169.150.203.22,20790633968691748718,2025-04-11,DHA,292,2025-04-11
193.32.162.136,20790633968691748718,2025-04-11,DHA,10,2025-04-11
207.244.89.161,20790633968691748718,2025-04-11,DHA,43,2025-04-11
207.244.89.162,20790633968691748718,2025-04-11,DHA,14,2025-04-11
207.246.98.111,20790633968691748718,2025-04-11,DHA,148,2025-04-11
45.142.193.131,20790633968691748718,2025-04-11,DHA,44,2025-04-11
45.142.193.183,20790633968691748718,2025-04-11,DHA,663,2025-04-11
45.142.193.207,20790633968691748718,2025-04-11,DHA,672,2025-04-11
45.142.193.247,20790633968691748718,2025-04-11,DHA,707,2025-04-11
45.142.193.51,20790633968691748718,2025-04-11,DHA,572,2025-04-11
66.132.159.246,20790633968691748718,2025-04-11,DHA,47763,2025-04-11
66.132.159.247,20790633968691748718,2025-04-11,DHA,47513,2025-04-11
68.67.179.164,20790633968691748718,2025-04-11,DHA,3086,2025-04-11
6sigma.us,20790633968691748718,2025-04-11,DHA,36,2025-04-11
api-docs.deepseek.com,20790633968691748718,2025-04-11,DHA,12,2025-04-11
chat.deepseek.com,20790633968691748718,2025-04-11,DHA,215,2025-04-11
clickme.thryv.com,20790633968691748718,2025-04-11,DHA,42,2025-04-11
ctrk.klclick2.com,20790633968691748718,2025-04-11,DHA,767,2025-04-11
links.rasa.io,20790633968691748718,2025-04-11,DHA,298,2025-04-11
objectstorage.ap-seoul-1.oraclecloud.com,20790633968691748718,2025-04-11,DHA,52,2025-04-11
www.deepseek.com,20790633968691748718,2025-04-11,DHA,17,2025-04-11
104.160.6.2,20790633968691748718,2025-04-12,DHA,5,2025-04-12
118.193.59.10,20790633968691748718,2025-04-12,DHA,2,2025-04-12
146.71.50.198,20790633968691748718,2025-04-12,DHA,344987,2025-04-12
162.142.125.242,20790633968691748718,2025-04-12,DHA,44,2025-04-12
162.142.125.255,20790633968691748718,2025-04-12,DHA,50,2025-04-12
169.150.203.22,20790633968691748718,2025-04-12,DHA,398,2025-04-12
193.32.162.79,20790633968691748718,2025-04-12,DHA,17,2025-04-12
198.54.131.36,20790633968691748718,2025-04-12,DHA,1,2025-04-12
207.246.98.111,20790633968691748718,2025-04-12,DHA,176,2025-04-12
37.44.238.88,20790633968691748718,2025-04-12,DHA,15,2025-04-12
45.142.193.106,20790633968691748718,2025-04-12,DHA,84,2025-04-12
45.142.193.131,20790633968691748718,2025-04-12,DHA,51,2025-04-12
45.142.193.183,20790633968691748718,2025-04-12,DHA,941,2025-04-12
45.142.193.207,20790633968691748718,2025-04-12,DHA,896,2025-04-12
45.142.193.247,20790633968691748718,2025-04-12,DHA,906,2025-04-12
45.142.193.51,20790633968691748718,2025-04-12,DHA,820,2025-04-12
47.237.115.193,20790633968691748718,2025-04-12,DHA,7,2025-04-12
66.132.159.246,20790633968691748718,2025-04-12,DHA,60560,2025-04-12
66.132.159.247,20790633968691748718,2025-04-12,DHA,60457,2025-04-12
68.67.179.164,20790633968691748718,2025-04-12,DHA,2327,2025-04-12
6sigma.us,20790633968691748718,2025-04-12,DHA,10,2025-04-12
91.196.152.44,20790633968691748718,2025-04-12,DHA,4,2025-04-12
91.196.152.71,20790633968691748718,2025-04-12,DHA,3,2025-04-12
chat.deepseek.com,20790633968691748718,2025-04-12,DHA,67,2025-04-12
clickme.thryv.com,20790633968691748718,2025-04-12,DHA,6,2025-04-12
ctrk.klclick2.com,20790633968691748718,2025-04-12,DHA,100,2025-04-12
104.131.6.219,20790633968691748718,2025-04-13,DHA,2,2025-04-13
118.193.72.187,20790633968691748718,2025-04-13,DHA,6,2025-04-13
146.71.50.198,20790633968691748718,2025-04-13,DHA,340975,2025-04-13
162.142.125.242,20790633968691748718,2025-04-13,DHA,38,2025-04-13
162.142.125.255,20790633968691748718,2025-04-13,DHA,47,2025-04-13
169.150.203.22,20790633968691748718,2025-04-13,DHA,302,2025-04-13
193.32.126.233,20790633968691748718,2025-04-13,DHA,1,2025-04-13
193.32.162.136,20790633968691748718,2025-04-13,DHA,25,2025-04-13
193.32.162.79,20790633968691748718,2025-04-13,DHA,8,2025-04-13
207.244.89.162,20790633968691748718,2025-04-13,DHA,121,2025-04-13
207.246.98.111,20790633968691748718,2025-04-13,DHA,176,2025-04-13
23.205.105.180,20790633968691748718,2025-04-13,DHA,3,2025-04-13
37.44.238.88,20790633968691748718,2025-04-13,DHA,43,2025-04-13
45.142.193.106,20790633968691748718,2025-04-13,DHA,14,2025-04-13
45.142.193.183,20790633968691748718,2025-04-13,DHA,892,2025-04-13
45.142.193.207,20790633968691748718,2025-04-13,DHA,929,2025-04-13
45.142.193.247,20790633968691748718,2025-04-13,DHA,896,2025-04-13
45.142.193.51,20790633968691748718,2025-04-13,DHA,826,2025-04-13
66.132.159.246,20790633968691748718,2025-04-13,DHA,60281,2025-04-13
66.132.159.247,20790633968691748718,2025-04-13,DHA,60031,2025-04-13
68.67.179.164,20790633968691748718,2025-04-13,DHA,1028,2025-04-13
6sigma.us,20790633968691748718,2025-04-13,DHA,20,2025-04-13
91.196.152.40,20790633968691748718,2025-04-13,DHA,7,2025-04-13
91.196.152.44,20790633968691748718,2025-04-13,DHA,4,2025-04-13
cdn.deepseek.com,20790633968691748718,2025-04-13,DHA,19,2025-04-13
chat.deepseek.com,20790633968691748718,2025-04-13,DHA,167,2025-04-13
ctrk.klclick2.com,20790633968691748718,2025-04-13,DHA,41,2025-04-13
links.rasa.io,20790633968691748718,2025-04-13,DHA,36,2025-04-13
45.142.193.183,20790633968691748718,2025-04-14,DHA,439,2025-04-14
45.142.193.247,20790633968691748718,2025-04-14,DHA,393,2025-04-14
45.142.193.207,20790633968691748718,2025-04-14,DHA,375,2025-04-14
45.142.193.51,20790633968691748718,2025-04-14,DHA,389,2025-04-14
162.142.125.255,20790633968691748718,2025-04-14,DHA,23,2025-04-14
162.142.125.242,20790633968691748718,2025-04-14,DHA,14,2025-04-14
146.71.50.198,20790633968691748718,2025-04-14,DHA,133648,2025-04-14
45.142.193.106,20790633968691748718,2025-04-14,DHA,42,2025-04-14
193.32.162.136,20790633968691748718,2025-04-14,DHA,15,2025-04-14
193.32.162.79,20790633968691748718,2025-04-14,DHA,6,2025-04-14
66.132.159.247,20790633968691748718,2025-04-14,DHA,27454,2025-04-14
66.132.159.246,20790633968691748718,2025-04-14,DHA,27341,2025-04-14
91.196.152.46,20790633968691748718,2025-04-14,DHA,2,2025-04-14
91.196.152.40,20790633968691748718,2025-04-14,DHA,4,2025-04-14
91.196.152.87,20790633968691748718,2025-04-14,DHA,1,2025-04-14
118.193.72.187,20790633968691748718,2025-04-14,DHA,5,2025-04-14
68.67.179.164,20790633968691748718,2025-04-14,DHA,168,2025-04-14
169.150.203.22,20790633968691748718,2025-04-14,DHA,143,2025-04-14
ctrk.klclick2.com,20790633968691748718,2025-04-14,DHA,67,2025-04-14
207.246.98.111,20790633968691748718,2025-04-14,DHA,82,2025-04-14
chat.deepseek.com,20790633968691748718,2025-04-14,DHA,53,2025-04-14
links.rasa.io,20790633968691748718,2025-04-14,DHA,33,2025-04-14
87.249.138.47,20790633968691748718,2025-04-14,DHA,16,2025-04-14
objectstorage.ap-seoul-1.oraclecloud.com,20790633968691748718,2025-04-14,DHA,13,2025-04-14
104.160.6.2,20790633968691748718,2025-04-14,DHA,9,2025-04-14
104.160.6.2,20790633968691748718,2025-04-14,DHA,17,2025-04-14
146.71.50.198,20790633968691748718,2025-04-14,DHA,243578,2025-04-14
162.142.125.242,20790633968691748718,2025-04-14,DHA,22,2025-04-14
162.142.125.255,20790633968691748718,2025-04-14,DHA,36,2025-04-14
169.150.203.22,20790633968691748718,2025-04-14,DHA,156,2025-04-14
172.98.33.195,20790633968691748718,2025-04-14,DHA,8,2025-04-14
193.32.162.136,20790633968691748718,2025-04-14,DHA,24,2025-04-14
207.244.89.162,20790633968691748718,2025-04-14,DHA,3,2025-04-14
207.246.98.111,20790633968691748718,2025-04-14,DHA,152,2025-04-14
45.142.193.106,20790633968691748718,2025-04-14,DHA,115,2025-04-14
45.142.193.183,20790633968691748718,2025-04-14,DHA,747,2025-04-14
45.142.193.207,20790633968691748718,2025-04-14,DHA,704,2025-04-14
45.142.193.247,20790633968691748718,2025-04-14,DHA,721,2025-04-14
45.142.193.51,20790633968691748718,2025-04-14,DHA,687,2025-04-14
66.132.159.246,20790633968691748718,2025-04-14,DHA,49363,2025-04-14
66.132.159.247,20790633968691748718,2025-04-14,DHA,49084,2025-04-14
68.67.179.164,20790633968691748718,2025-04-14,DHA,3152,2025-04-14
6sigma.us,20790633968691748718,2025-04-14,DHA,31,2025-04-14
91.196.152.40,20790633968691748718,2025-04-14,DHA,7,2025-04-14
beatthewonderlic.com,20790633968691748718,2025-04-14,DHA,10,2025-04-14
chat.deepseek.com,20790633968691748718,2025-04-14,DHA,254,2025-04-14
ctrk.klclick2.com,20790633968691748718,2025-04-14,DHA,898,2025-04-14
funcilnewshical.com,20790633968691748718,2025-04-14,DHA,77,2025-04-14
links.rasa.io,20790633968691748718,2025-04-14,DHA,281,2025-04-14
rqipartners.com,20790633968691748718,2025-04-14,DHA,52,2025-04-14
www.deepseek.com,20790633968691748718,2025-04-14,DHA,43,2025-04-14
www.sthda.com,20790633968691748718,2025-04-14,DHA,47,2025-04-14
104.160.6.2,20790633968691748718,2025-04-15,DHA,11,2025-04-15
118.193.59.10,20790633968691748718,2025-04-15,DHA,3,2025-04-15
118.193.72.187,20790633968691748718,2025-04-15,DHA,5,2025-04-15
138.197.101.95,20790633968691748718,2025-04-15,DHA,2,2025-04-15
146.190.241.65,20790633968691748718,2025-04-15,DHA,1,2025-04-15
146.71.50.198,20790633968691748718,2025-04-15,DHA,215461,2025-04-15
162.142.125.242,20790633968691748718,2025-04-15,DHA,40,2025-04-15
162.142.125.255,20790633968691748718,2025-04-15,DHA,45,2025-04-15
169.150.203.22,20790633968691748718,2025-04-15,DHA,189,2025-04-15
193.32.162.136,20790633968691748718,2025-04-15,DHA,16,2025-04-15
207.244.89.161,20790633968691748718,2025-04-15,DHA,146,2025-04-15
207.244.89.162,20790633968691748718,2025-04-15,DHA,32,2025-04-15
207.246.98.111,20790633968691748718,2025-04-15,DHA,152,2025-04-15
45.142.193.106,20790633968691748718,2025-04-15,DHA,168,2025-04-15
45.142.193.183,20790633968691748718,2025-04-15,DHA,716,2025-04-15
45.142.193.207,20790633968691748718,2025-04-15,DHA,756,2025-04-15
45.142.193.247,20790633968691748718,2025-04-15,DHA,736,2025-04-15
45.142.193.51,20790633968691748718,2025-04-15,DHA,789,2025-04-15
47.237.115.193,20790633968691748718,2025-04-15,DHA,8,2025-04-15
66.132.159.246,20790633968691748718,2025-04-15,DHA,51650,2025-04-15
66.132.159.247,20790633968691748718,2025-04-15,DHA,50995,2025-04-15
67.207.95.230,20790633968691748718,2025-04-15,DHA,7,2025-04-15
68.67.179.164,20790633968691748718,2025-04-15,DHA,559,2025-04-15
6sigma.us,20790633968691748718,2025-04-15,DHA,91,2025-04-15
84.239.47.7,20790633968691748718,2025-04-15,DHA,10,2025-04-15
91.196.152.44,20790633968691748718,2025-04-15,DHA,4,2025-04-15
accentcare.com,20790633968691748718,2025-04-15,DHA,18,2025-04-15
beatthewonderlic.com,20790633968691748718,2025-04-15,DHA,52,2025-04-15
chat.deepseek.com,20790633968691748718,2025-04-15,DHA,232,2025-04-15
ctrk.klclick2.com,20790633968691748718,2025-04-15,DHA,1053,2025-04-15
links.rasa.io,20790633968691748718,2025-04-15,DHA,195,2025-04-15
objectstorage.ap-seoul-1.oraclecloud.com,20790633968691748718,2025-04-15,DHA,42,2025-04-15
rqipartners.com,20790633968691748718,2025-04-15,DHA,376,2025-04-15
www.deepseek.com,20790633968691748718,2025-04-15,DHA,113,2025-04-15
www.sthda.com,20790633968691748718,2025-04-15,DHA,14,2025-04-15
104.160.6.2,20790633968691748718,2025-04-16,DHA,45,2025-04-16
118.193.59.10,20790633968691748718,2025-04-16,DHA,2,2025-04-16
118.193.72.187,20790633968691748718,2025-04-16,DHA,3,2025-04-16
146.71.50.198,20790633968691748718,2025-04-16,DHA,133611,2025-04-16
162.142.125.242,20790633968691748718,2025-04-16,DHA,40,2025-04-16
162.142.125.255,20790633968691748718,2025-04-16,DHA,41,2025-04-16
169.150.203.22,20790633968691748718,2025-04-16,DHA,183,2025-04-16
172.98.33.195,20790633968691748718,2025-04-16,DHA,1,2025-04-16
185.230.63.171,20790633968691748718,2025-04-16,DHA,4,2025-04-16
193.32.162.136,20790633968691748718,2025-04-16,DHA,18,2025-04-16
207.244.89.161,20790633968691748718,2025-04-16,DHA,15,2025-04-16
207.246.98.111,20790633968691748718,2025-04-16,DHA,155,2025-04-16
45.142.193.106,20790633968691748718,2025-04-16,DHA,14,2025-04-16
45.142.193.183,20790633968691748718,2025-04-16,DHA,869,2025-04-16
45.142.193.207,20790633968691748718,2025-04-16,DHA,896,2025-04-16
45.142.193.247,20790633968691748718,2025-04-16,DHA,936,2025-04-16
45.142.193.51,20790633968691748718,2025-04-16,DHA,860,2025-04-16
50.248.10.133,20790633968691748718,2025-04-16,DHA,12,2025-04-16
66.132.159.246,20790633968691748718,2025-04-16,DHA,46574,2025-04-16
66.132.159.247,20790633968691748718,2025-04-16,DHA,46612,2025-04-16
91.196.152.40,20790633968691748718,2025-04-16,DHA,7,2025-04-16
accentcare.com,20790633968691748718,2025-04-16,DHA,6,2025-04-16
beatthewonderlic.com,20790633968691748718,2025-04-16,DHA,13,2025-04-16
chat.deepseek.com,20790633968691748718,2025-04-16,DHA,167,2025-04-16
clickme.thryv.com,20790633968691748718,2025-04-16,DHA,76,2025-04-16
ctrk.klclick2.com,20790633968691748718,2025-04-16,DHA,1060,2025-04-16
links.rasa.io,20790633968691748718,2025-04-16,DHA,254,2025-04-16
mavink.com,20790633968691748718,2025-04-16,DHA,27,2025-04-16
ndeb-bned.ca,20790633968691748718,2025-04-16,DHA,20,2025-04-16
objectstorage.ap-seoul-1.oraclecloud.com,20790633968691748718,2025-04-16,DHA,63,2025-04-16
rqipartners.com,20790633968691748718,2025-04-16,DHA,365,2025-04-16
selligenttier.naylorcampaigns.com,20790633968691748718,2025-04-16,DHA,28,2025-04-16
www.deepseek.com,20790633968691748718,2025-04-16,DHA,87,2025-04-16
www.sthda.com,20790633968691748718,2025-04-16,DHA,25,2025-04-16
104.160.6.2,20790633968691748718,2025-04-17,DHA,203,2025-04-17
118.193.59.10,20790633968691748718,2025-04-17,DHA,3,2025-04-17
118.193.72.187,20790633968691748718,2025-04-17,DHA,4,2025-04-17
146.71.50.198,20790633968691748718,2025-04-17,DHA,124111,2025-04-17
152.32.128.214,20790633968691748718,2025-04-17,DHA,1,2025-04-17
162.142.125.242,20790633968691748718,2025-04-17,DHA,40,2025-04-17
162.142.125.255,20790633968691748718,2025-04-17,DHA,34,2025-04-17
169.150.203.22,20790633968691748718,2025-04-17,DHA,110,2025-04-17
182.156.18.146,20790633968691748718,2025-04-17,DHA,581,2025-04-17
193.32.162.136,20790633968691748718,2025-04-17,DHA,13,2025-04-17
207.244.89.161,20790633968691748718,2025-04-17,DHA,26,2025-04-17
207.246.98.111,20790633968691748718,2025-04-17,DHA,139,2025-04-17
45.142.193.106,20790633968691748718,2025-04-17,DHA,14,2025-04-17
45.142.193.183,20790633968691748718,2025-04-17,DHA,803,2025-04-17
45.142.193.207,20790633968691748718,2025-04-17,DHA,722,2025-04-17
45.142.193.247,20790633968691748718,2025-04-17,DHA,720,2025-04-17
45.142.193.51,20790633968691748718,2025-04-17,DHA,710,2025-04-17
66.132.159.246,20790633968691748718,2025-04-17,DHA,36613,2025-04-17
66.132.159.247,20790633968691748718,2025-04-17,DHA,36147,2025-04-17
6sigma.us,20790633968691748718,2025-04-17,DHA,78,2025-04-17
91.196.152.40,20790633968691748718,2025-04-17,DHA,7,2025-04-17
91.196.152.46,20790633968691748718,2025-04-17,DHA,305,2025-04-17
91.196.152.71,20790633968691748718,2025-04-17,DHA,164,2025-04-17
beatthewonderlic.com,20790633968691748718,2025-04-17,DHA,24,2025-04-17
cdn.deepseek.com,20790633968691748718,2025-04-17,DHA,15,2025-04-17
chat.deepseek.com,20790633968691748718,2025-04-17,DHA,160,2025-04-17
clickme.thryv.com,20790633968691748718,2025-04-17,DHA,99,2025-04-17
ctrk.klclick2.com,20790633968691748718,2025-04-17,DHA,923,2025-04-17
doculivery.com,20790633968691748718,2025-04-17,DHA,2,2025-04-17
gobookmart.com,20790633968691748718,2025-04-17,DHA,12,2025-04-17
links.rasa.io,20790633968691748718,2025-04-17,DHA,140,2025-04-17
objectstorage.ap-seoul-1.oraclecloud.com,20790633968691748718,2025-04-17,DHA,32,2025-04-17
rqipartners.com,20790633968691748718,2025-04-17,DHA,366,2025-04-17
www.deepseek.com,20790633968691748718,2025-04-17,DHA,100,2025-04-17
www.prosinthecity.com,20790633968691748718,2025-04-17,DHA,6,2025-04-17
104.131.6.219,20790633968691748718,2025-04-18,DHA,4,2025-04-18
104.160.6.2,20790633968691748718,2025-04-18,DHA,14,2025-04-18
111.67.197.113,20790633968691748718,2025-04-18,DHA,5,2025-04-18
118.193.59.10,20790633968691748718,2025-04-18,DHA,2,2025-04-18
118.193.72.187,20790633968691748718,2025-04-18,DHA,3,2025-04-18
146.71.50.198,20790633968691748718,2025-04-18,DHA,143829,2025-04-18
159.65.179.156,20790633968691748718,2025-04-18,DHA,85,2025-04-18
162.142.125.242,20790633968691748718,2025-04-18,DHA,37,2025-04-18
162.142.125.255,20790633968691748718,2025-04-18,DHA,36,2025-04-18
169.150.203.22,20790633968691748718,2025-04-18,DHA,88,2025-04-18
171.251.23.242,20790633968691748718,2025-04-18,DHA,1,2025-04-18
185.230.63.171,20790633968691748718,2025-04-18,DHA,11,2025-04-18
185.248.85.20,20790633968691748718,2025-04-18,DHA,6,2025-04-18
193.32.162.136,20790633968691748718,2025-04-18,DHA,20,2025-04-18
207.244.89.161,20790633968691748718,2025-04-18,DHA,53,2025-04-18
207.246.98.111,20790633968691748718,2025-04-18,DHA,166,2025-04-18
45.142.193.106,20790633968691748718,2025-04-18,DHA,78,2025-04-18
45.142.193.183,20790633968691748718,2025-04-18,DHA,849,2025-04-18
45.142.193.207,20790633968691748718,2025-04-18,DHA,880,2025-04-18
45.142.193.247,20790633968691748718,2025-04-18,DHA,852,2025-04-18
45.142.193.51,20790633968691748718,2025-04-18,DHA,784,2025-04-18
47.237.115.193,20790633968691748718,2025-04-18,DHA,7,2025-04-18
50.248.10.133,20790633968691748718,2025-04-18,DHA,12,2025-04-18
66.132.159.246,20790633968691748718,2025-04-18,DHA,47688,2025-04-18
66.132.159.247,20790633968691748718,2025-04-18,DHA,47920,2025-04-18
6sigma.us,20790633968691748718,2025-04-18,DHA,117,2025-04-18
84.239.47.7,20790633968691748718,2025-04-18,DHA,33,2025-04-18
87.249.138.47,20790633968691748718,2025-04-18,DHA,9,2025-04-18
91.196.152.87,20790633968691748718,2025-04-18,DHA,2095,2025-04-18
chat.deepseek.com,20790633968691748718,2025-04-18,DHA,169,2025-04-18
clickme.thryv.com,20790633968691748718,2025-04-18,DHA,58,2025-04-18
ctrk.klclick2.com,20790633968691748718,2025-04-18,DHA,559,2025-04-18
links.rasa.io,20790633968691748718,2025-04-18,DHA,217,2025-04-18
myhellalights.com,20790633968691748718,2025-04-18,DHA,16,2025-04-18
objectstorage.ap-seoul-1.oraclecloud.com,20790633968691748718,2025-04-18,DHA,28,2025-04-18
rqipartners.com,20790633968691748718,2025-04-18,DHA,533,2025-04-18
selligenttier.naylorcampaigns.com,20790633968691748718,2025-04-18,DHA,72,2025-04-18
www.deepseek.com,20790633968691748718,2025-04-18,DHA,122,2025-04-18
111.67.197.113,20790633968691748718,2025-04-19,DHA,2,2025-04-19
118.193.59.10,20790633968691748718,2025-04-19,DHA,5,2025-04-19
146.71.50.198,20790633968691748718,2025-04-19,DHA,190985,2025-04-19
152.32.128.214,20790633968691748718,2025-04-19,DHA,3,2025-04-19
162.142.125.242,20790633968691748718,2025-04-19,DHA,43,2025-04-19
162.142.125.255,20790633968691748718,2025-04-19,DHA,54,2025-04-19
169.150.203.22,20790633968691748718,2025-04-19,DHA,211,2025-04-19
185.230.63.171,20790633968691748718,2025-04-19,DHA,1,2025-04-19
193.32.162.136,20790633968691748718,2025-04-19,DHA,20,2025-04-19
207.246.98.111,20790633968691748718,2025-04-19,DHA,177,2025-04-19
45.142.193.106,20790633968691748718,2025-04-19,DHA,14,2025-04-19
45.142.193.183,20790633968691748718,2025-04-19,DHA,896,2025-04-19
45.142.193.207,20790633968691748718,2025-04-19,DHA,874,2025-04-19
45.142.193.247,20790633968691748718,2025-04-19,DHA,910,2025-04-19
45.142.193.51,20790633968691748718,2025-04-19,DHA,854,2025-04-19
47.237.115.193,20790633968691748718,2025-04-19,DHA,4,2025-04-19
66.132.159.246,20790633968691748718,2025-04-19,DHA,61112,2025-04-19
66.132.159.247,20790633968691748718,2025-04-19,DHA,61094,2025-04-19
6sigma.us,20790633968691748718,2025-04-19,DHA,12,2025-04-19
84.239.47.7,20790633968691748718,2025-04-19,DHA,70,2025-04-19
91.196.152.40,20790633968691748718,2025-04-19,DHA,8,2025-04-19
chat.deepseek.com,20790633968691748718,2025-04-19,DHA,33,2025-04-19
clickme.thryv.com,20790633968691748718,2025-04-19,DHA,10,2025-04-19
ctrk.klclick2.com,20790633968691748718,2025-04-19,DHA,42,2025-04-19
facebookmail.com,20790633968691748718,2025-04-19,DHA,47,2025-04-19
links.rasa.io,20790633968691748718,2025-04-19,DHA,37,2025-04-19
rqipartners.com,20790633968691748718,2025-04-19,DHA,254,2025-04-19
104.131.6.219,20790633968691748718,2025-04-20,DHA,1,2025-04-20
104.160.6.2,20790633968691748718,2025-04-20,DHA,3,2025-04-20
118.193.59.10,20790633968691748718,2025-04-20,DHA,6,2025-04-20
118.193.72.187,20790633968691748718,2025-04-20,DHA,7,2025-04-20
146.71.50.198,20790633968691748718,2025-04-20,DHA,239611,2025-04-20
152.32.128.214,20790633968691748718,2025-04-20,DHA,2,2025-04-20
162.142.125.242,20790633968691748718,2025-04-20,DHA,36,2025-04-20
169.150.203.22,20790633968691748718,2025-04-20,DHA,230,2025-04-20
193.32.162.136,20790633968691748718,2025-04-20,DHA,23,2025-04-20
207.244.89.161,20790633968691748718,2025-04-20,DHA,19,2025-04-20
207.246.98.111,20790633968691748718,2025-04-20,DHA,177,2025-04-20
45.142.193.106,20790633968691748718,2025-04-20,DHA,154,2025-04-20
45.142.193.183,20790633968691748718,2025-04-20,DHA,827,2025-04-20
45.142.193.207,20790633968691748718,2025-04-20,DHA,845,2025-04-20
45.142.193.247,20790633968691748718,2025-04-20,DHA,809,2025-04-20
45.142.193.51,20790633968691748718,2025-04-20,DHA,852,2025-04-20
66.132.159.246,20790633968691748718,2025-04-20,DHA,60656,2025-04-20
66.132.159.247,20790633968691748718,2025-04-20,DHA,60933,2025-04-20
91.196.152.45,20790633968691748718,2025-04-20,DHA,4,2025-04-20
chat.deepseek.com,20790633968691748718,2025-04-20,DHA,26,2025-04-20
ctrk.klclick2.com,20790633968691748718,2025-04-20,DHA,84,2025-04-20
irp.cdn-website.com,20790633968691748718,2025-04-20,DHA,48,2025-04-20
rqipartners.com,20790633968691748718,2025-04-20,DHA,298,2025-04-20
www.deepseek.com,20790633968691748718,2025-04-20,DHA,14,2025-04-20
104.160.6.2,20790633968691748718,2025-04-21,DHA,13,2025-04-21
111.67.197.113,20790633968691748718,2025-04-21,DHA,4,2025-04-21
118.193.59.10,20790633968691748718,2025-04-21,DHA,1,2025-04-21
118.193.72.187,20790633968691748718,2025-04-21,DHA,7,2025-04-21
146.71.50.198,20790633968691748718,2025-04-21,DHA,217712,2025-04-21
152.32.128.214,20790633968691748718,2025-04-21,DHA,2,2025-04-21
162.142.125.242,20790633968691748718,2025-04-21,DHA,41,2025-04-21
162.142.125.255,20790633968691748718,2025-04-21,DHA,31,2025-04-21
169.150.203.22,20790633968691748718,2025-04-21,DHA,218,2025-04-21
185.230.63.171,20790633968691748718,2025-04-21,DHA,6,2025-04-21
190.92.174.36,20790633968691748718,2025-04-21,DHA,18,2025-04-21
193.32.162.136,20790633968691748718,2025-04-21,DHA,25,2025-04-21
207.244.89.161,20790633968691748718,2025-04-21,DHA,17,2025-04-21
207.244.89.162,20790633968691748718,2025-04-21,DHA,26,2025-04-21
207.246.98.111,20790633968691748718,2025-04-21,DHA,97,2025-04-21
45.142.193.183,20790633968691748718,2025-04-21,DHA,742,2025-04-21
45.142.193.207,20790633968691748718,2025-04-21,DHA,729,2025-04-21
45.142.193.247,20790633968691748718,2025-04-21,DHA,774,2025-04-21
45.142.193.51,20790633968691748718,2025-04-21,DHA,699,2025-04-21
66.132.159.246,20790633968691748718,2025-04-21,DHA,50739,2025-04-21
66.132.159.247,20790633968691748718,2025-04-21,DHA,50886,2025-04-21
6sigma.us,20790633968691748718,2025-04-21,DHA,81,2025-04-21
87.249.138.47,20790633968691748718,2025-04-21,DHA,79,2025-04-21
91.196.152.45,20790633968691748718,2025-04-21,DHA,3,2025-04-21
berlitz-istanbul.com,20790633968691748718,2025-04-21,DHA,9,2025-04-21
chat.deepseek.com,20790633968691748718,2025-04-21,DHA,272,2025-04-21
clickme.thryv.com,20790633968691748718,2025-04-21,DHA,200,2025-04-21
ctrk.klclick2.com,20790633968691748718,2025-04-21,DHA,891,2025-04-21
fitnessenhancement.com,20790633968691748718,2025-04-21,DHA,21,2025-04-21
irp.cdn-website.com,20790633968691748718,2025-04-21,DHA,1325,2025-04-21
objectstorage.ap-seoul-1.oraclecloud.com,20790633968691748718,2025-04-21,DHA,43,2025-04-21
rqipartners.com,20790633968691748718,2025-04-21,DHA,416,2025-04-21
selligenttier.naylorcampaigns.com,20790633968691748718,2025-04-21,DHA,74,2025-04-21
uploads-ssl.webflow.com,20790633968691748718,2025-04-21,DHA,590,2025-04-21
www.deepseek.com,20790633968691748718,2025-04-21,DHA,29,2025-04-21
www.sthda.com,20790633968691748718,2025-04-21,DHA,16,2025-04-21
45.142.193.247,20790633968691748718,2025-04-22,DHA,438,2025-04-22
45.142.193.207,20790633968691748718,2025-04-22,DHA,423,2025-04-22
45.142.193.183,20790633968691748718,2025-04-22,DHA,461,2025-04-22
45.142.193.51,20790633968691748718,2025-04-22,DHA,434,2025-04-22
162.142.125.255,20790633968691748718,2025-04-22,DHA,13,2025-04-22
162.142.125.242,20790633968691748718,2025-04-22,DHA,22,2025-04-22
146.71.50.198,20790633968691748718,2025-04-22,DHA,144241,2025-04-22
193.32.162.136,20790633968691748718,2025-04-22,DHA,11,2025-04-22
118.193.72.187,20790633968691748718,2025-04-22,DHA,3,2025-04-22
118.193.59.10,20790633968691748718,2025-04-22,DHA,4,2025-04-22
66.132.159.246,20790633968691748718,2025-04-22,DHA,29156,2025-04-22
66.132.159.247,20790633968691748718,2025-04-22,DHA,28929,2025-04-22
47.237.115.193,20790633968691748718,2025-04-22,DHA,2,2025-04-22
152.32.128.214,20790633968691748718,2025-04-22,DHA,1,2025-04-22
45.142.193.106,20790633968691748718,2025-04-22,DHA,14,2025-04-22
rqipartners.com,20790633968691748718,2025-04-22,DHA,143,2025-04-22
uploads-ssl.webflow.com,20790633968691748718,2025-04-22,DHA,120,2025-04-22
irp.cdn-website.com,20790633968691748718,2025-04-22,DHA,102,2025-04-22
ctrk.klclick2.com,20790633968691748718,2025-04-22,DHA,87,2025-04-22
207.246.98.111,20790633968691748718,2025-04-22,DHA,88,2025-04-22
chat.deepseek.com,20790633968691748718,2025-04-22,DHA,33,2025-04-22
207.244.89.161,20790633968691748718,2025-04-22,DHA,39,2025-04-22
objectstorage.ap-seoul-1.oraclecloud.com,20790633968691748718,2025-04-22,DHA,23,2025-04-22
104.160.6.2,20790633968691748718,2025-04-22,DHA,9,2025-04-22
84.239.47.7,20790633968691748718,2025-04-22,DHA,7,2025-04-22
www.deepseek.com,20790633968691748718,2025-04-22,DHA,5,2025-04-22
104.160.6.2,20790633968691748718,2025-04-22,DHA,17,2025-04-22
146.71.50.198,20790633968691748718,2025-04-22,DHA,194019,2025-04-22
162.142.125.242,20790633968691748718,2025-04-22,DHA,42,2025-04-22
162.142.125.255,20790633968691748718,2025-04-22,DHA,31,2025-04-22
190.92.174.30,20790633968691748718,2025-04-22,DHA,30,2025-04-22
207.244.89.161,20790633968691748718,2025-04-22,DHA,44,2025-04-22
207.244.89.162,20790633968691748718,2025-04-22,DHA,19,2025-04-22
207.246.98.111,20790633968691748718,2025-04-22,DHA,138,2025-04-22
45.142.193.106,20790633968691748718,2025-04-22,DHA,157,2025-04-22
45.142.193.183,20790633968691748718,2025-04-22,DHA,795,2025-04-22
45.142.193.207,20790633968691748718,2025-04-22,DHA,748,2025-04-22
45.142.193.247,20790633968691748718,2025-04-22,DHA,757,2025-04-22
45.142.193.51,20790633968691748718,2025-04-22,DHA,735,2025-04-22
66.132.159.246,20790633968691748718,2025-04-22,DHA,47216,2025-04-22
66.132.159.247,20790633968691748718,2025-04-22,DHA,47013,2025-04-22
66.22.212.131,20790633968691748718,2025-04-22,DHA,628,2025-04-22
6sigma.us,20790633968691748718,2025-04-22,DHA,53,2025-04-22
bestmenscolognes.com,20790633968691748718,2025-04-22,DHA,141,2025-04-22
careersinpsychology.org,20790633968691748718,2025-04-22,DHA,10,2025-04-22
cdn.deepseek.com,20790633968691748718,2025-04-22,DHA,52,2025-04-22
chat.deepseek.com,20790633968691748718,2025-04-22,DHA,231,2025-04-22
clickme.thryv.com,20790633968691748718,2025-04-22,DHA,38,2025-04-22
ctrk.klclick2.com,20790633968691748718,2025-04-22,DHA,905,2025-04-22
google,20790633968691748718,2025-04-22,DHA,12,2025-04-22
irp.cdn-website.com,20790633968691748718,2025-04-22,DHA,906,2025-04-22
links.rasa.io,20790633968691748718,2025-04-22,DHA,167,2025-04-22
objectstorage.ap-seoul-1.oraclecloud.com,20790633968691748718,2025-04-22,DHA,63,2025-04-22
rqipartners.com,20790633968691748718,2025-04-22,DHA,309,2025-04-22
selligenttier.naylorcampaigns.com,20790633968691748718,2025-04-22,DHA,36,2025-04-22
shorturl.asia,20790633968691748718,2025-04-22,DHA,18,2025-04-22
uploads-ssl.webflow.com,20790633968691748718,2025-04-22,DHA,663,2025-04-22
uploads.strikinglycdn.com,20790633968691748718,2025-04-22,DHA,15,2025-04-22
www.deepseek.com,20790633968691748718,2025-04-22,DHA,65,2025-04-22
45.142.193.183,20790633968691748718,2025-04-23,DHA,462,2025-04-23
45.142.193.247,20790633968691748718,2025-04-23,DHA,449,2025-04-23
45.142.193.207,20790633968691748718,2025-04-23,DHA,458,2025-04-23
45.142.193.51,20790633968691748718,2025-04-23,DHA,416,2025-04-23
45.142.193.106,20790633968691748718,2025-04-23,DHA,129,2025-04-23
162.142.125.255,20790633968691748718,2025-04-23,DHA,18,2025-04-23
162.142.125.242,20790633968691748718,2025-04-23,DHA,17,2025-04-23
146.71.50.198,20790633968691748718,2025-04-23,DHA,104760,2025-04-23
193.32.162.136,20790633968691748718,2025-04-23,DHA,9,2025-04-23
118.193.72.187,20790633968691748718,2025-04-23,DHA,3,2025-04-23
66.132.159.247,20790633968691748718,2025-04-23,DHA,30704,2025-04-23
66.132.159.246,20790633968691748718,2025-04-23,DHA,30555,2025-04-23
91.196.152.46,20790633968691748718,2025-04-23,DHA,1,2025-04-23
91.196.152.45,20790633968691748718,2025-04-23,DHA,2,2025-04-23
91.196.152.40,20790633968691748718,2025-04-23,DHA,4,2025-04-23
irp.cdn-website.com,20790633968691748718,2025-04-23,DHA,168,2025-04-23
rqipartners.com,20790633968691748718,2025-04-23,DHA,143,2025-04-23
uploads-ssl.webflow.com,20790633968691748718,2025-04-23,DHA,95,2025-04-23
ctrk.klclick2.com,20790633968691748718,2025-04-23,DHA,84,2025-04-23
87.249.138.47,20790633968691748718,2025-04-23,DHA,103,2025-04-23
links.rasa.io,20790633968691748718,2025-04-23,DHA,56,2025-04-23
chat.deepseek.com,20790633968691748718,2025-04-23,DHA,50,2025-04-23
207.246.98.111,20790633968691748718,2025-04-23,DHA,38,2025-04-23
www.sthda.com,20790633968691748718,2025-04-23,DHA,13,2025-04-23
185.156.46.141,20790633968691748718,2025-04-23,DHA,30,2025-04-23
objectstorage.ap-seoul-1.oraclecloud.com,20790633968691748718,2025-04-23,DHA,15,2025-04-23
136.144.43.81,20790633968691748718,2025-04-23,DHA,8,2025-04-23
216.151.180.15,20790633968691748718,2025-04-23,DHA,5,2025-04-23
207.244.89.161,20790633968691748718,2025-04-23,DHA,6,2025-04-23
104.160.6.2,20790633968691748718,2025-04-23,DHA,11,2025-04-23
136.144.43.81,20790633968691748718,2025-04-23,DHA,21,2025-04-23
138.199.43.79,20790633968691748718,2025-04-23,DHA,14,2025-04-23
146.71.50.198,20790633968691748718,2025-04-23,DHA,161313,2025-04-23
162.142.125.255,20790633968691748718,2025-04-23,DHA,29,2025-04-23
169.150.196.3,20790633968691748718,2025-04-23,DHA,66,2025-04-23
185.156.46.141,20790633968691748718,2025-04-23,DHA,39,2025-04-23
192.124.249.112,20790633968691748718,2025-04-23,DHA,22,2025-04-23
207.244.89.161,20790633968691748718,2025-04-23,DHA,70,2025-04-23
45.142.193.106,20790633968691748718,2025-04-23,DHA,140,2025-04-23
45.142.193.183,20790633968691748718,2025-04-23,DHA,717,2025-04-23
45.142.193.207,20790633968691748718,2025-04-23,DHA,718,2025-04-23
45.142.193.247,20790633968691748718,2025-04-23,DHA,714,2025-04-23
45.142.193.51,20790633968691748718,2025-04-23,DHA,651,2025-04-23
66.132.159.246,20790633968691748718,2025-04-23,DHA,47405,2025-04-23
66.132.159.247,20790633968691748718,2025-04-23,DHA,47516,2025-04-23
66.22.212.131,20790633968691748718,2025-04-23,DHA,1029,2025-04-23
6sigma.us,20790633968691748718,2025-04-23,DHA,46,2025-04-23
chat.deepseek.com,20790633968691748718,2025-04-23,DHA,191,2025-04-23
clickme.thryv.com,20790633968691748718,2025-04-23,DHA,48,2025-04-23
ctrk.klclick2.com,20790633968691748718,2025-04-23,DHA,1050,2025-04-23
google,20790633968691748718,2025-04-23,DHA,24,2025-04-23
irp.cdn-website.com,20790633968691748718,2025-04-23,DHA,1721,2025-04-23
links.rasa.io,20790633968691748718,2025-04-23,DHA,493,2025-04-23
objectstorage.ap-seoul-1.oraclecloud.com,20790633968691748718,2025-04-23,DHA,36,2025-04-23
rqipartners.com,20790633968691748718,2025-04-23,DHA,367,2025-04-23
selligenttier.naylorcampaigns.com,20790633968691748718,2025-04-23,DHA,69,2025-04-23
uploads-ssl.webflow.com,20790633968691748718,2025-04-23,DHA,752,2025-04-23
www.sthda.com,20790633968691748718,2025-04-23,DHA,57,2025-04-23
45.142.193.207,20790633968691748718,2025-04-24,DHA,360,2025-04-24
45.142.193.247,20790633968691748718,2025-04-24,DHA,333,2025-04-24
45.142.193.51,20790633968691748718,2025-04-24,DHA,301,2025-04-24
162.142.125.255,20790633968691748718,2025-04-24,DHA,19,2025-04-24
162.142.125.242,20790633968691748718,2025-04-24,DHA,15,2025-04-24
146.71.50.198,20790633968691748718,2025-04-24,DHA,73443,2025-04-24
193.32.162.136,20790633968691748718,2025-04-24,DHA,8,2025-04-24
91.196.152.87,20790633968691748718,2025-04-24,DHA,1,2025-04-24
66.132.159.246,20790633968691748718,2025-04-24,DHA,20228,2025-04-24
66.132.159.247,20790633968691748718,2025-04-24,DHA,20082,2025-04-24
61.153.184.151,20790633968691748718,2025-04-24,DHA,2,2025-04-24
rqipartners.com,20790633968691748718,2025-04-24,DHA,244,2025-04-24
6sigma.us,20790633968691748718,2025-04-24,DHA,215,2025-04-24
irp.cdn-website.com,20790633968691748718,2025-04-24,DHA,130,2025-04-24
uploads-ssl.webflow.com,20790633968691748718,2025-04-24,DHA,82,2025-04-24
links.rasa.io,20790633968691748718,2025-04-24,DHA,88,2025-04-24
136.144.17.133,20790633968691748718,2025-04-24,DHA,89,2025-04-24
169.150.196.3,20790633968691748718,2025-04-24,DHA,59,2025-04-24
ctrk.klclick2.com,20790633968691748718,2025-04-24,DHA,50,2025-04-24
207.244.89.162,20790633968691748718,2025-04-24,DHA,58,2025-04-24
138.199.43.79,20790633968691748718,2025-04-24,DHA,55,2025-04-24
207.244.89.161,20790633968691748718,2025-04-24,DHA,36,2025-04-24
chat.deepseek.com,20790633968691748718,2025-04-24,DHA,34,2025-04-24
185.156.46.141,20790633968691748718,2025-04-24,DHA,33,2025-04-24
objectstorage.ap-seoul-1.oraclecloud.com,20790633968691748718,2025-04-24,DHA,31,2025-04-24
192.124.249.112,20790633968691748718,2025-04-24,DHA,5,2025-04-24
207.246.98.111,20790633968691748718,2025-04-24,DHA,14,2025-04-24
169.150.203.29,20790633968691748718,2025-04-24,DHA,6,2025-04-24
198.54.133.131,20790633968691748718,2025-04-24,DHA,4,2025-04-24
103.216.220.19,20790633968691748718,2025-04-24,DHA,3,2025-04-24
104.129.24.124,20790633968691748718,2025-04-24,DHA,210,2025-04-24
136.144.17.133,20790633968691748718,2025-04-24,DHA,150,2025-04-24
138.199.43.79,20790633968691748718,2025-04-24,DHA,94,2025-04-24
146.71.50.198,20790633968691748718,2025-04-24,DHA,132120,2025-04-24
154.47.30.150,20790633968691748718,2025-04-24,DHA,21,2025-04-24
162.142.125.242,20790633968691748718,2025-04-24,DHA,27,2025-04-24
169.150.196.3,20790633968691748718,2025-04-24,DHA,127,2025-04-24
169.150.203.29,20790633968691748718,2025-04-24,DHA,13,2025-04-24
169.150.223.208,20790633968691748718,2025-04-24,DHA,10,2025-04-24
193.32.162.136,20790633968691748718,2025-04-24,DHA,12,2025-04-24
207.244.89.161,20790633968691748718,2025-04-24,DHA,191,2025-04-24
45.142.193.183,20790633968691748718,2025-04-24,DHA,605,2025-04-24
45.142.193.207,20790633968691748718,2025-04-24,DHA,634,2025-04-24
45.142.193.247,20790633968691748718,2025-04-24,DHA,619,2025-04-24
45.142.193.51,20790633968691748718,2025-04-24,DHA,570,2025-04-24
66.132.159.246,20790633968691748718,2025-04-24,DHA,39353,2025-04-24
66.132.159.247,20790633968691748718,2025-04-24,DHA,39220,2025-04-24
6sigma.us,20790633968691748718,2025-04-24,DHA,227,2025-04-24
beholdisrael.org,20790633968691748718,2025-04-24,DHA,18,2025-04-24
bestmenscolognes.com,20790633968691748718,2025-04-24,DHA,11,2025-04-24
chat.deepseek.com,20790633968691748718,2025-04-24,DHA,156,2025-04-24
clickme.thryv.com,20790633968691748718,2025-04-24,DHA,165,2025-04-24
ctrk.klclick2.com,20790633968691748718,2025-04-24,DHA,1489,2025-04-24
facebookmail.com,20790633968691748718,2025-04-24,DHA,118,2025-04-24
irp.cdn-website.com,20790633968691748718,2025-04-24,DHA,1649,2025-04-24
links.rasa.io,20790633968691748718,2025-04-24,DHA,434,2025-04-24
objectstorage.ap-seoul-1.oraclecloud.com,20790633968691748718,2025-04-24,DHA,67,2025-04-24
rqipartners.com,20790633968691748718,2025-04-24,DHA,635,2025-04-24
selligenttier.naylorcampaigns.com,20790633968691748718,2025-04-24,DHA,63,2025-04-24
uploads-ssl.webflow.com,20790633968691748718,2025-04-24,DHA,1001,2025-04-24
www.sthda.com,20790633968691748718,2025-04-24,DHA,72,2025-04-24
103.216.220.19,20790633968691748718,2025-04-25,DHA,294,2025-04-25
104.129.24.124,20790633968691748718,2025-04-25,DHA,397,2025-04-25
104.160.6.2,20790633968691748718,2025-04-25,DHA,20,2025-04-25
104.18.32.191,20790633968691748718,2025-04-25,DHA,7,2025-04-25
118.193.59.10,20790633968691748718,2025-04-25,DHA,2,2025-04-25
136.144.17.133,20790633968691748718,2025-04-25,DHA,83,2025-04-25
136.144.43.81,20790633968691748718,2025-04-25,DHA,22,2025-04-25
138.199.43.79,20790633968691748718,2025-04-25,DHA,15,2025-04-25
143.244.47.66,20790633968691748718,2025-04-25,DHA,199,2025-04-25
146.71.50.198,20790633968691748718,2025-04-25,DHA,222645,2025-04-25
154.47.30.150,20790633968691748718,2025-04-25,DHA,10,2025-04-25
159.65.179.156,20790633968691748718,2025-04-25,DHA,1450,2025-04-25
162.142.125.242,20790633968691748718,2025-04-25,DHA,43,2025-04-25
162.142.125.255,20790633968691748718,2025-04-25,DHA,40,2025-04-25
169.150.196.3,20790633968691748718,2025-04-25,DHA,300,2025-04-25
169.150.203.29,20790633968691748718,2025-04-25,DHA,145,2025-04-25
169.150.223.208,20790633968691748718,2025-04-25,DHA,14,2025-04-25
182.156.18.146,20790633968691748718,2025-04-25,DHA,1,2025-04-25
185.202.220.65,20790633968691748718,2025-04-25,DHA,159,2025-04-25
193.32.162.136,20790633968691748718,2025-04-25,DHA,16,2025-04-25
198.54.133.163,20790633968691748718,2025-04-25,DHA,47,2025-04-25
207.244.89.162,20790633968691748718,2025-04-25,DHA,6,2025-04-25
207.246.98.111,20790633968691748718,2025-04-25,DHA,33,2025-04-25
45.142.193.106,20790633968691748718,2025-04-25,DHA,42,2025-04-25
45.142.193.183,20790633968691748718,2025-04-25,DHA,528,2025-04-25
45.142.193.207,20790633968691748718,2025-04-25,DHA,560,2025-04-25
45.142.193.247,20790633968691748718,2025-04-25,DHA,505,2025-04-25
45.142.193.51,20790633968691748718,2025-04-25,DHA,476,2025-04-25
47.237.115.193,20790633968691748718,2025-04-25,DHA,3,2025-04-25
62.182.98.170,20790633968691748718,2025-04-25,DHA,5,2025-04-25
66.132.159.246,20790633968691748718,2025-04-25,DHA,56116,2025-04-25
66.132.159.247,20790633968691748718,2025-04-25,DHA,56478,2025-04-25
66.22.212.131,20790633968691748718,2025-04-25,DHA,1688,2025-04-25
6sigma.us,20790633968691748718,2025-04-25,DHA,51,2025-04-25
cdn.deepseek.com,20790633968691748718,2025-04-25,DHA,4,2025-04-25
chat.deepseek.com,20790633968691748718,2025-04-25,DHA,177,2025-04-25
clickme.thryv.com,20790633968691748718,2025-04-25,DHA,153,2025-04-25
ctrk.klclick2.com,20790633968691748718,2025-04-25,DHA,879,2025-04-25
irp.cdn-website.com,20790633968691748718,2025-04-25,DHA,1520,2025-04-25
links.rasa.io,20790633968691748718,2025-04-25,DHA,289,2025-04-25
objectstorage.ap-seoul-1.oraclecloud.com,20790633968691748718,2025-04-25,DHA,46,2025-04-25
rqipartners.com,20790633968691748718,2025-04-25,DHA,318,2025-04-25
selligenttier.naylorcampaigns.com,20790633968691748718,2025-04-25,DHA,52,2025-04-25
uploads-ssl.webflow.com,20790633968691748718,2025-04-25,DHA,904,2025-04-25
103.216.220.19,20790633968691748718,2025-04-26,DHA,359,2025-04-26
104.160.6.2,20790633968691748718,2025-04-26,DHA,2,2025-04-26
104.18.32.191,20790633968691748718,2025-04-26,DHA,7,2025-04-26
118.193.72.187,20790633968691748718,2025-04-26,DHA,1,2025-04-26
136.144.17.133,20790633968691748718,2025-04-26,DHA,55,2025-04-26
136.144.43.81,20790633968691748718,2025-04-26,DHA,8,2025-04-26
138.199.6.221,20790633968691748718,2025-04-26,DHA,282,2025-04-26
143.244.47.66,20790633968691748718,2025-04-26,DHA,23,2025-04-26
146.71.50.198,20790633968691748718,2025-04-26,DHA,215520,2025-04-26
149.22.81.195,20790633968691748718,2025-04-26,DHA,5,2025-04-26
162.142.125.242,20790633968691748718,2025-04-26,DHA,48,2025-04-26
162.142.125.255,20790633968691748718,2025-04-26,DHA,37,2025-04-26
169.150.196.3,20790633968691748718,2025-04-26,DHA,62,2025-04-26
169.150.203.22,20790633968691748718,2025-04-26,DHA,10,2025-04-26
169.150.203.29,20790633968691748718,2025-04-26,DHA,160,2025-04-26
169.150.223.208,20790633968691748718,2025-04-26,DHA,25,2025-04-26
193.32.162.136,20790633968691748718,2025-04-26,DHA,29,2025-04-26
198.44.136.35,20790633968691748718,2025-04-26,DHA,49,2025-04-26
198.44.136.56,20790633968691748718,2025-04-26,DHA,234,2025-04-26
207.246.98.111,20790633968691748718,2025-04-26,DHA,88,2025-04-26
216.151.180.15,20790633968691748718,2025-04-26,DHA,21,2025-04-26
216.151.180.16,20790633968691748718,2025-04-26,DHA,3,2025-04-26
45.142.193.106,20790633968691748718,2025-04-26,DHA,14,2025-04-26
47.237.115.193,20790633968691748718,2025-04-26,DHA,9,2025-04-26
66.132.159.246,20790633968691748718,2025-04-26,DHA,59834,2025-04-26
66.132.159.247,20790633968691748718,2025-04-26,DHA,59810,2025-04-26
66.22.212.131,20790633968691748718,2025-04-26,DHA,284,2025-04-26
api-docs.deepseek.com,20790633968691748718,2025-04-26,DHA,85,2025-04-26
chat.deepseek.com,20790633968691748718,2025-04-26,DHA,79,2025-04-26
ctrk.klclick2.com,20790633968691748718,2025-04-26,DHA,98,2025-04-26
irp.cdn-website.com,20790633968691748718,2025-04-26,DHA,106,2025-04-26
links.rasa.io,20790633968691748718,2025-04-26,DHA,52,2025-04-26
rqipartners.com,20790633968691748718,2025-04-26,DHA,354,2025-04-26
uploads-ssl.webflow.com,20790633968691748718,2025-04-26,DHA,152,2025-04-26
uploads.strikinglycdn.com,20790633968691748718,2025-04-26,DHA,26,2025-04-26
www.deepseek.com,20790633968691748718,2025-04-26,DHA,83,2025-04-26
103.216.220.19,20790633968691748718,2025-04-27,DHA,328,2025-04-27
104.131.6.219,20790633968691748718,2025-04-27,DHA,9,2025-04-27
104.160.6.2,20790633968691748718,2025-04-27,DHA,1,2025-04-27
118.193.72.187,20790633968691748718,2025-04-27,DHA,2,2025-04-27
136.144.17.133,20790633968691748718,2025-04-27,DHA,32,2025-04-27
138.199.6.221,20790633968691748718,2025-04-27,DHA,445,2025-04-27
143.244.47.66,20790633968691748718,2025-04-27,DHA,143,2025-04-27
146.71.50.198,20790633968691748718,2025-04-27,DHA,223972,2025-04-27
149.22.81.195,20790633968691748718,2025-04-27,DHA,27,2025-04-27
149.22.81.208,20790633968691748718,2025-04-27,DHA,133,2025-04-27
152.32.128.214,20790633968691748718,2025-04-27,DHA,3,2025-04-27
162.142.125.242,20790633968691748718,2025-04-27,DHA,42,2025-04-27
162.142.125.255,20790633968691748718,2025-04-27,DHA,34,2025-04-27
169.150.203.22,20790633968691748718,2025-04-27,DHA,26,2025-04-27
169.150.203.29,20790633968691748718,2025-04-27,DHA,109,2025-04-27
169.150.223.208,20790633968691748718,2025-04-27,DHA,24,2025-04-27
193.32.126.233,20790633968691748718,2025-04-27,DHA,52,2025-04-27
193.32.162.136,20790633968691748718,2025-04-27,DHA,12,2025-04-27
198.44.136.35,20790633968691748718,2025-04-27,DHA,48,2025-04-27
198.44.136.56,20790633968691748718,2025-04-27,DHA,15,2025-04-27
198.44.136.67,20790633968691748718,2025-04-27,DHA,54,2025-04-27
216.151.180.15,20790633968691748718,2025-04-27,DHA,29,2025-04-27
45.134.79.98,20790633968691748718,2025-04-27,DHA,170,2025-04-27
45.142.193.106,20790633968691748718,2025-04-27,DHA,14,2025-04-27
45.142.193.183,20790633968691748718,2025-04-27,DHA,617,2025-04-27
45.142.193.207,20790633968691748718,2025-04-27,DHA,608,2025-04-27
45.142.193.247,20790633968691748718,2025-04-27,DHA,621,2025-04-27
45.142.193.51,20790633968691748718,2025-04-27,DHA,563,2025-04-27
45.55.130.199,20790633968691748718,2025-04-27,DHA,1858,2025-04-27
47.237.115.193,20790633968691748718,2025-04-27,DHA,5,2025-04-27
59.24.28.114,20790633968691748718,2025-04-27,DHA,18,2025-04-27
64.227.106.112,20790633968691748718,2025-04-27,DHA,8,2025-04-27
66.132.159.246,20790633968691748718,2025-04-27,DHA,59974,2025-04-27
66.132.159.247,20790633968691748718,2025-04-27,DHA,60441,2025-04-27
6sigma.us,20790633968691748718,2025-04-27,DHA,6,2025-04-27
79.127.217.35,20790633968691748718,2025-04-27,DHA,19,2025-04-27
chat.deepseek.com,20790633968691748718,2025-04-27,DHA,17,2025-04-27
ctrk.klclick2.com,20790633968691748718,2025-04-27,DHA,75,2025-04-27
irp.cdn-website.com,20790633968691748718,2025-04-27,DHA,151,2025-04-27
objectstorage.ap-seoul-1.oraclecloud.com,20790633968691748718,2025-04-27,DHA,4,2025-04-27
rqipartners.com,20790633968691748718,2025-04-27,DHA,268,2025-04-27
uploads-ssl.webflow.com,20790633968691748718,2025-04-27,DHA,63,2025-04-27
45.142.193.183,20790633968691748718,2025-04-28,DHA,384,2025-04-28
45.142.193.247,20790633968691748718,2025-04-28,DHA,401,2025-04-28
45.142.193.207,20790633968691748718,2025-04-28,DHA,421,2025-04-28
45.142.193.51,20790633968691748718,2025-04-28,DHA,404,2025-04-28
162.142.125.242,20790633968691748718,2025-04-28,DHA,18,2025-04-28
162.142.125.255,20790633968691748718,2025-04-28,DHA,23,2025-04-28
146.71.50.198,20790633968691748718,2025-04-28,DHA,75636,2025-04-28
193.32.162.136,20790633968691748718,2025-04-28,DHA,10,2025-04-28
66.132.159.247,20790633968691748718,2025-04-28,DHA,27401,2025-04-28
66.132.159.246,20790633968691748718,2025-04-28,DHA,27264,2025-04-28
47.237.115.193,20790633968691748718,2025-04-28,DHA,1,2025-04-28
36.158.177.50,20790633968691748718,2025-04-28,DHA,2,2025-04-28
104.129.24.124,20790633968691748718,2025-04-28,DHA,322,2025-04-28
138.199.6.221,20790633968691748718,2025-04-28,DHA,230,2025-04-28
rqipartners.com,20790633968691748718,2025-04-28,DHA,195,2025-04-28
45.134.79.98,20790633968691748718,2025-04-28,DHA,174,2025-04-28
149.22.81.208,20790633968691748718,2025-04-28,DHA,135,2025-04-28
irp.cdn-website.com,20790633968691748718,2025-04-28,DHA,93,2025-04-28
103.216.220.19,20790633968691748718,2025-04-28,DHA,113,2025-04-28
uploads-ssl.webflow.com,20790633968691748718,2025-04-28,DHA,48,2025-04-28
ctrk.klclick2.com,20790633968691748718,2025-04-28,DHA,31,2025-04-28
chat.deepseek.com,20790633968691748718,2025-04-28,DHA,54,2025-04-28
6sigma.us,20790633968691748718,2025-04-28,DHA,43,2025-04-28
198.44.136.67,20790633968691748718,2025-04-28,DHA,25,2025-04-28
198.44.136.99,20790633968691748718,2025-04-28,DHA,21,2025-04-28
169.150.203.29,20790633968691748718,2025-04-28,DHA,15,2025-04-28
216.151.180.15,20790633968691748718,2025-04-28,DHA,7,2025-04-28
169.150.203.16,20790633968691748718,2025-04-28,DHA,14,2025-04-28
193.32.126.233,20790633968691748718,2025-04-28,DHA,13,2025-04-28
objectstorage.ap-seoul-1.oraclecloud.com,20790633968691748718,2025-04-28,DHA,12,2025-04-28
31.171.154.51,20790633968691748718,2025-04-28,DHA,8,2025-04-28
156.228.176.0,20790633968691748718,2025-04-28,DHA,4,2025-04-28
103.216.220.19,20790633968691748718,2025-04-28,DHA,188,2025-04-28
118.193.59.10,20790633968691748718,2025-04-28,DHA,3,2025-04-28
138.199.6.221,20790633968691748718,2025-04-28,DHA,313,2025-04-28
146.71.50.198,20790633968691748718,2025-04-28,DHA,128273,2025-04-28
149.22.81.208,20790633968691748718,2025-04-28,DHA,256,2025-04-28
162.142.125.242,20790633968691748718,2025-04-28,DHA,39,2025-04-28
162.142.125.255,20790633968691748718,2025-04-28,DHA,46,2025-04-28
169.150.203.16,20790633968691748718,2025-04-28,DHA,47,2025-04-28
198.44.136.99,20790633968691748718,2025-04-28,DHA,36,2025-04-28
207.244.89.161,20790633968691748718,2025-04-28,DHA,159,2025-04-28
207.244.89.162,20790633968691748718,2025-04-28,DHA,34,2025-04-28
37.19.210.34,20790633968691748718,2025-04-28,DHA,32,2025-04-28
45.134.79.98,20790633968691748718,2025-04-28,DHA,321,2025-04-28
45.142.193.183,20790633968691748718,2025-04-28,DHA,769,2025-04-28
45.142.193.207,20790633968691748718,2025-04-28,DHA,791,2025-04-28
45.142.193.247,20790633968691748718,2025-04-28,DHA,768,2025-04-28
45.142.193.51,20790633968691748718,2025-04-28,DHA,763,2025-04-28
66.132.159.246,20790633968691748718,2025-04-28,DHA,51753,2025-04-28
66.132.159.247,20790633968691748718,2025-04-28,DHA,51863,2025-04-28
6sigma.us,20790633968691748718,2025-04-28,DHA,134,2025-04-28
89.31.143.90,20790633968691748718,2025-04-28,DHA,11,2025-04-28
chat.deepseek.com,20790633968691748718,2025-04-28,DHA,273,2025-04-28
clickme.thryv.com,20790633968691748718,2025-04-28,DHA,91,2025-04-28
ctrk.klclick2.com,20790633968691748718,2025-04-28,DHA,1303,2025-04-28
irp.cdn-website.com,20790633968691748718,2025-04-28,DHA,1744,2025-04-28
leatherbook.org,20790633968691748718,2025-04-28,DHA,163,2025-04-28
links.rasa.io,20790633968691748718,2025-04-28,DHA,286,2025-04-28
mavink.com,20790633968691748718,2025-04-28,DHA,45,2025-04-28
ndeb-bned.ca,20790633968691748718,2025-04-28,DHA,33,2025-04-28
objectstorage.ap-seoul-1.oraclecloud.com,20790633968691748718,2025-04-28,DHA,37,2025-04-28
rqipartners.com,20790633968691748718,2025-04-28,DHA,440,2025-04-28
uploads-ssl.webflow.com,20790633968691748718,2025-04-28,DHA,766,2025-04-28
www.deepseek.com,20790633968691748718,2025-04-28,DHA,17,2025-04-28
45.142.193.207,20790633968691748718,2025-04-29,DHA,466,2025-04-29
45.142.193.183,20790633968691748718,2025-04-29,DHA,447,2025-04-29
45.142.193.247,20790633968691748718,2025-04-29,DHA,446,2025-04-29
45.142.193.51,20790633968691748718,2025-04-29,DHA,404,2025-04-29
162.142.125.255,20790633968691748718,2025-04-29,DHA,33,2025-04-29
162.142.125.242,20790633968691748718,2025-04-29,DHA,7,2025-04-29
193.32.162.136,20790633968691748718,2025-04-29,DHA,12,2025-04-29
146.71.50.198,20790633968691748718,2025-04-29,DHA,17637,2025-04-29
36.158.177.50,20790633968691748718,2025-04-29,DHA,6,2025-04-29
66.132.159.246,20790633968691748718,2025-04-29,DHA,30111,2025-04-29
66.132.159.247,20790633968691748718,2025-04-29,DHA,30069,2025-04-29
47.237.115.193,20790633968691748718,2025-04-29,DHA,23,2025-04-29
118.193.59.10,20790633968691748718,2025-04-29,DHA,2,2025-04-29
45.142.193.106,20790633968691748718,2025-04-29,DHA,22,2025-04-29
104.129.24.124,20790633968691748718,2025-04-29,DHA,320,2025-04-29
irp.cdn-website.com,20790633968691748718,2025-04-29,DHA,167,2025-04-29
uploads-ssl.webflow.com,20790633968691748718,2025-04-29,DHA,169,2025-04-29
ctrk.klclick2.com,20790633968691748718,2025-04-29,DHA,132,2025-04-29
rqipartners.com,20790633968691748718,2025-04-29,DHA,125,2025-04-29
198.44.136.35,20790633968691748718,2025-04-29,DHA,93,2025-04-29
45.134.79.98,20790633968691748718,2025-04-29,DHA,91,2025-04-29
6sigma.us,20790633968691748718,2025-04-29,DHA,90,2025-04-29
chat.deepseek.com,20790633968691748718,2025-04-29,DHA,25,2025-04-29
103.216.220.19,20790633968691748718,2025-04-29,DHA,60,2025-04-29
www.deepseek.com,20790633968691748718,2025-04-29,DHA,53,2025-04-29
198.44.136.195,20790633968691748718,2025-04-29,DHA,47,2025-04-29
37.19.210.34,20790633968691748718,2025-04-29,DHA,40,2025-04-29
143.244.47.66,20790633968691748718,2025-04-29,DHA,39,2025-04-29
207.246.98.111,20790633968691748718,2025-04-29,DHA,38,2025-04-29
objectstorage.ap-seoul-1.oraclecloud.com,20790633968691748718,2025-04-29,DHA,24,2025-04-29
149.22.81.208,20790633968691748718,2025-04-29,DHA,21,2025-04-29
198.44.136.99,20790633968691748718,2025-04-29,DHA,20,2025-04-29
207.244.89.161,20790633968691748718,2025-04-29,DHA,19,2025-04-29
169.150.201.25,20790633968691748718,2025-04-29,DHA,16,2025-04-29
ws.onehub.com,20790633968691748718,2025-04-29,DHA,15,2025-04-29
169.150.223.208,20790633968691748718,2025-04-29,DHA,10,2025-04-29
198.44.129.82,20790633968691748718,2025-04-29,DHA,8,2025-04-29
104.160.6.2,20790633968691748718,2025-04-29,DHA,3,2025-04-29
136.144.43.81,20790633968691748718,2025-04-29,DHA,13,2025-04-29
143.244.47.66,20790633968691748718,2025-04-29,DHA,50,2025-04-29
162.142.125.255,20790633968691748718,2025-04-29,DHA,46,2025-04-29
207.244.89.161,20790633968691748718,2025-04-29,DHA,84,2025-04-29
207.244.89.162,20790633968691748718,2025-04-29,DHA,14,2025-04-29
207.246.98.111,20790633968691748718,2025-04-29,DHA,68,2025-04-29
45.134.79.98,20790633968691748718,2025-04-29,DHA,253,2025-04-29
45.142.193.106,20790633968691748718,2025-04-29,DHA,34,2025-04-29
45.142.193.183,20790633968691748718,2025-04-29,DHA,779,2025-04-29
45.142.193.207,20790633968691748718,2025-04-29,DHA,761,2025-04-29
45.142.193.247,20790633968691748718,2025-04-29,DHA,739,2025-04-29
45.142.193.51,20790633968691748718,2025-04-29,DHA,685,2025-04-29
45.55.130.199,20790633968691748718,2025-04-29,DHA,1,2025-04-29
66.132.159.246,20790633968691748718,2025-04-29,DHA,48929,2025-04-29
66.132.159.247,20790633968691748718,2025-04-29,DHA,49020,2025-04-29
6sigma.us,20790633968691748718,2025-04-29,DHA,182,2025-04-29
87.249.134.11,20790633968691748718,2025-04-29,DHA,31,2025-04-29
api-docs.deepseek.com,20790633968691748718,2025-04-29,DHA,36,2025-04-29
chat.deepseek.com,20790633968691748718,2025-04-29,DHA,363,2025-04-29
clickme.thryv.com,20790633968691748718,2025-04-29,DHA,234,2025-04-29
ctrk.klclick2.com,20790633968691748718,2025-04-29,DHA,1092,2025-04-29
gobookmart.com,20790633968691748718,2025-04-29,DHA,18,2025-04-29
links.rasa.io,20790633968691748718,2025-04-29,DHA,142,2025-04-29
objectstorage.ap-seoul-1.oraclecloud.com,20790633968691748718,2025-04-29,DHA,52,2025-04-29
r3.o.lencr.org,20790633968691748718,2025-04-29,DHA,5,2025-04-29
rqipartners.com,20790633968691748718,2025-04-29,DHA,360,2025-04-29
uploads-ssl.webflow.com,20790633968691748718,2025-04-29,DHA,1069,2025-04-29
www.deepseek.com,20790633968691748718,2025-04-29,DHA,78,2025-04-29
45.142.193.247,20790633968691748718,2025-04-30,DHA,403,2025-04-30
45.142.193.183,20790633968691748718,2025-04-30,DHA,425,2025-04-30
45.142.193.207,20790633968691748718,2025-04-30,DHA,402,2025-04-30
45.142.193.51,20790633968691748718,2025-04-30,DHA,390,2025-04-30
162.142.125.242,20790633968691748718,2025-04-30,DHA,16,2025-04-30
162.142.125.255,20790633968691748718,2025-04-30,DHA,15,2025-04-30
193.32.162.136,20790633968691748718,2025-04-30,DHA,8,2025-04-30
36.158.177.50,20790633968691748718,2025-04-30,DHA,6,2025-04-30
47.237.115.193,20790633968691748718,2025-04-30,DHA,5,2025-04-30
66.132.159.246,20790633968691748718,2025-04-30,DHA,23881,2025-04-30
66.132.159.247,20790633968691748718,2025-04-30,DHA,23866,2025-04-30
45.142.193.106,20790633968691748718,2025-04-30,DHA,14,2025-04-30
152.32.128.214,20790633968691748718,2025-04-30,DHA,1,2025-04-30
159.65.179.156,20790633968691748718,2025-04-30,DHA,851,2025-04-30
45.134.79.98,20790633968691748718,2025-04-30,DHA,202,2025-04-30
rqipartners.com,20790633968691748718,2025-04-30,DHA,125,2025-04-30
links.rasa.io,20790633968691748718,2025-04-30,DHA,111,2025-04-30
uploads-ssl.webflow.com,20790633968691748718,2025-04-30,DHA,72,2025-04-30
6sigma.us,20790633968691748718,2025-04-30,DHA,67,2025-04-30
ctrk.klclick2.com,20790633968691748718,2025-04-30,DHA,24,2025-04-30
154.47.30.150,20790633968691748718,2025-04-30,DHA,44,2025-04-30
207.244.89.161,20790633968691748718,2025-04-30,DHA,38,2025-04-30
169.150.223.208,20790633968691748718,2025-04-30,DHA,13,2025-04-30
37.19.210.34,20790633968691748718,2025-04-30,DHA,25,2025-04-30
chat.deepseek.com,20790633968691748718,2025-04-30,DHA,21,2025-04-30
objectstorage.ap-seoul-1.oraclecloud.com,20790633968691748718,2025-04-30,DHA,17,2025-04-30
84.239.47.7,20790633968691748718,2025-04-30,DHA,11,2025-04-30
149.88.22.130,20790633968691748718,2025-04-30,DHA,12,2025-04-30
www.deepseek.com,20790633968691748718,2025-04-30,DHA,4,2025-04-30
198.44.136.82,20790633968691748718,2025-04-30,DHA,3,2025-04-30
cdn.deepseek.com,20790633968691748718,2025-04-30,DHA,2,2025-04-30
149.88.22.130,20790633968691748718,2025-04-30,DHA,19,2025-04-30
154.47.30.150,20790633968691748718,2025-04-30,DHA,176,2025-04-30
162.142.125.242,20790633968691748718,2025-04-30,DHA,29,2025-04-30
198.44.129.82,20790633968691748718,2025-04-30,DHA,10,2025-04-30
207.244.89.161,20790633968691748718,2025-04-30,DHA,51,2025-04-30
207.246.98.111,20790633968691748718,2025-04-30,DHA,68,2025-04-30
36.158.177.50,20790633968691748718,2025-04-30,DHA,9,2025-04-30
37.19.210.34,20790633968691748718,2025-04-30,DHA,26,2025-04-30
45.134.79.98,20790633968691748718,2025-04-30,DHA,383,2025-04-30
45.142.193.106,20790633968691748718,2025-04-30,DHA,23,2025-04-30
45.142.193.183,20790633968691748718,2025-04-30,DHA,724,2025-04-30
45.142.193.207,20790633968691748718,2025-04-30,DHA,714,2025-04-30
45.142.193.247,20790633968691748718,2025-04-30,DHA,744,2025-04-30
45.142.193.51,20790633968691748718,2025-04-30,DHA,697,2025-04-30
66.132.159.246,20790633968691748718,2025-04-30,DHA,42909,2025-04-30
66.132.159.247,20790633968691748718,2025-04-30,DHA,42688,2025-04-30
6sigma.us,20790633968691748718,2025-04-30,DHA,365,2025-04-30
chat.deepseek.com,20790633968691748718,2025-04-30,DHA,163,2025-04-30
clickme.thryv.com,20790633968691748718,2025-04-30,DHA,256,2025-04-30
ctrk.klclick2.com,20790633968691748718,2025-04-30,DHA,1015,2025-04-30
facebookmail.com,20790633968691748718,2025-04-30,DHA,211,2025-04-30
links.rasa.io,20790633968691748718,2025-04-30,DHA,635,2025-04-30
objectstorage.ap-seoul-1.oraclecloud.com,20790633968691748718,2025-04-30,DHA,34,2025-04-30
rqipartners.com,20790633968691748718,2025-04-30,DHA,844,2025-04-30
selligenttier.naylorcampaigns.com,20790633968691748718,2025-04-30,DHA,123,2025-04-30
shorturl.asia,20790633968691748718,2025-04-30,DHA,46,2025-04-30
uploads-ssl.webflow.com,20790633968691748718,2025-04-30,DHA,855,2025-04-30
ws.onehub.com,20790633968691748718,2025-04-30,DHA,110,2025-04-30
www.deepseek.com,20790633968691748718,2025-04-30,DHA,31,2025-04-30
45.142.193.51,20790633968691748718,2025-05-01,DHA,315,2025-05-01
45.142.193.207,20790633968691748718,2025-05-01,DHA,176,2025-05-01
45.142.193.247,20790633968691748718,2025-05-01,DHA,195,2025-05-01
45.142.193.183,20790633968691748718,2025-05-01,DHA,168,2025-05-01
162.142.125.242,20790633968691748718,2025-05-01,DHA,19,2025-05-01
193.32.162.136,20790633968691748718,2025-05-01,DHA,12,2025-05-01
91.196.152.66,20790633968691748718,2025-05-01,DHA,14685,2025-05-01
91.196.152.67,20790633968691748718,2025-05-01,DHA,14630,2025-05-01
47.237.115.193,20790633968691748718,2025-05-01,DHA,3,2025-05-01
91.196.152.47,20790633968691748718,2025-05-01,DHA,10868,2025-05-01
91.196.152.87,20790633968691748718,2025-05-01,DHA,9431,2025-05-01
91.196.152.56,20790633968691748718,2025-05-01,DHA,9434,2025-05-01
36.158.177.50,20790633968691748718,2025-05-01,DHA,2,2025-05-01
91.196.152.40,20790633968691748718,2025-05-01,DHA,9282,2025-05-01
91.196.152.71,20790633968691748718,2025-05-01,DHA,8991,2025-05-01
66.132.159.247,20790633968691748718,2025-05-01,DHA,19839,2025-05-01
66.132.159.246,20790633968691748718,2025-05-01,DHA,19923,2025-05-01
91.196.152.44,20790633968691748718,2025-05-01,DHA,4,2025-05-01
152.32.128.214,20790633968691748718,2025-05-01,DHA,1,2025-05-01
154.47.30.150,20790633968691748718,2025-05-01,DHA,234,2025-05-01
6sigma.us,20790633968691748718,2025-05-01,DHA,239,2025-05-01
rqipartners.com,20790633968691748718,2025-05-01,DHA,210,2025-05-01
uploads-ssl.webflow.com,20790633968691748718,2025-05-01,DHA,148,2025-05-01
138.199.43.79,20790633968691748718,2025-05-01,DHA,128,2025-05-01
ctrk.klclick2.com,20790633968691748718,2025-05-01,DHA,79,2025-05-01
45.134.79.98,20790633968691748718,2025-05-01,DHA,58,2025-05-01
207.244.89.162,20790633968691748718,2025-05-01,DHA,54,2025-05-01
207.246.98.111,20790633968691748718,2025-05-01,DHA,35,2025-05-01
links.rasa.io,20790633968691748718,2025-05-01,DHA,23,2025-05-01
104.129.24.124,20790633968691748718,2025-05-01,DHA,22,2025-05-01
169.150.223.208,20790633968691748718,2025-05-01,DHA,7,2025-05-01
www.sthda.com,20790633968691748718,2025-05-01,DHA,8,2025-05-01
facebookmail.com,20790633968691748718,2025-05-01,DHA,14,2025-05-01
objectstorage.ap-seoul-1.oraclecloud.com,20790633968691748718,2025-05-01,DHA,10,2025-05-01
