seen_today,last_seen,freq_7,freq_30,avg_gap,burstiness,exp_today,exp_7,exp_14,exp_30,weibull_today,weibull_7,weibull_14,weibull_30,logistic_today,logistic_7,logistic_14,logistic_30,gbt_today,gbt_7,gbt_14,gbt_30
0,54.0,0.0,0.0,21.0,0.0,9.999994999843054e-07,6.999975500021627e-06,1.3999902000461084e-05,2.9999550004489173e-05,1.7235024518669206e-09,1.5681599774275412e-07,7.819742502412907e-07,4.575621217806081e-06,0.004852874297514783,0.004852874297514783,0.004919981935907745,0.060143955340435755,1.2468595805475465e-05,1.2468595805475465e-05,1.772796899006968e-05,2.5396019517326427e-05
0,5.0,1.0,2.0,31.0,-0.3520924293383648,0.06449301496838222,0.37291091472694393,0.6067592791314018,0.8646647167633873,0.000499168477419043,0.044412642495247345,0.2027089721235973,0.7343420702471548,0.7997855939727619,0.7997855939727619,0.8965912195070078,0.9846098870966021,0.9999694131007107,0.9999694131007107,0.9999740641249462,0.9999816962296509
0,27.0,0.0,1.0,18.666666666666668,-0.23525045272359033,0.0327838995179941,0.20811043366321835,0.37291091472694393,0.6321205588285577,1.907017227020802e-06,0.00017349855282655646,0.0008648641314047412,0.005050045316510654,0.03418758122029123,0.03418758122029123,0.12411551044761708,0.7129793891005373,1.2468595805475465e-05,1.2468595805475465e-05,1.772796899006968e-05,0.9999816962296509
0,41.0,0.0,0.0,6.0,-0.38196601125010515,9.999994999843054e-07,6.999975500021627e-06,1.3999902000461084e-05,2.9999550004489173e-05,4.249906593312147e-08,3.866847619327096e-06,1.9282171141554727e-05,0.00011282206820784069,0.014792549034167388,0.014792549034167388,0.022704221080543104,0.2529101612823287,1.2468595805475465e-05,1.2468595805475465e-05,1.772796899006968e-05,2.5396019517326427e-05
0,28.0,0.0,2.0,20.5,-0.025,0.06449301496838222,0.37291091472694393,0.6067592791314018,0.8646647167633873,2.3032843937675906e-06,0.0002095468141392054,0.0010444842262292697,0.006096212223569264,0.028904182173345325,0.028904182173345325,0.12981221298944376,0.7538905915449734,1.2468595805475465e-05,1.2468595805475465e-05,1.772796899006968e-05,0.9999816962296509
1,0.0,2.0,7.0,5.52,0.022118720665124308,0.20811043366321835,0.8047224371643142,0.9618666734529548,0.9990881180344455,0.014474020140806676,0.7346137156594522,0.9986599293952165,1.0,0.9918929852506124,0.9918929852506124,0.9932398041615862,0.9989463176379566,0.9999694131007107,0.9999694131007107,0.9999740641249462,0.9999816962296509
0,13.0,0.0,1.0,65.0,0.0,0.0327838995179941,0.20811043366321835,0.37291091472694393,0.6321205588285577,4.086254582191806e-05,0.0037111258999346086,0.018369413120676636,0.10280849083892607,0.07058207972597534,0.07058207972597534,0.41511669479660984,0.9206578230565682,1.2468595805475465e-05,1.2468595805475465e-05,0.9999740641249462,0.9999816962296509
0,71.0,0.0,0.0,10.6,-0.3198361317719319,9.999994999843054e-07,6.999975500021627e-06,1.3999902000461084e-05,2.9999550004489173e-05,1.8318790928617545e-11,1.666765725438779e-09,8.311449750664224e-09,4.8633464921898906e-08,0.0020367625443394916,0.0020367625443394916,0.0006855240087225166,0.009389184601979348,1.2468595805475465e-05,1.2468595805475465e-05,1.772796899006968e-05,2.5396019517326427e-05
1,0.0,7.0,30.0,1.0172413793103448,-0.6923918524117333,0.6321205588285577,0.9990881180344455,0.9999991684712809,0.9999999999999064,0.9011789923861789,1.0,1.0,1.0,0.9999999997774538,0.9999999997774538,0.9999998766418746,0.9999999665014534,0.9999694131007107,0.9999694131007107,0.9999740641249462,0.9999816962296509
1,0.0,7.0,27.0,1.2117647058823529,-0.38867227216487565,0.5934303402594009,0.9981636952229711,0.9999966279847659,0.9999999999981205,0.7720442484465797,1.0,1.0,1.0,0.9999999996753206,0.9999999996753206,0.9999997865202213,0.9999998818405782,0.9999694131007107,0.9999694131007107,0.9999740641249462,0.9999816962296509
0,1.0,4.0,17.0,1.943661971830986,-0.0590075619809671,0.43258633120299617,0.9810635504520585,0.9996414108785183,0.9999999586006229,0.1256922229167341,0.999995077069181,1.0,1.0,0.9999907706920367,0.9999907706920367,0.9999151683150179,0.9999853952817555,0.9999694131007107,0.9999694131007107,0.9999740641249462,0.9999816962296509
0,36.0,0.0,0.0,507.0,0.0,9.999994999843054e-07,6.999975500021627e-06,1.3999902000461084e-05,2.9999550004489173e-05,4.287914467937526e-11,3.901440059905781e-09,1.9454817423714132e-08,1.1383755937899309e-07,0.02116366634276737,0.02116366634276737,0.03190467655276135,0.24500904944415625,1.2468595805475465e-05,1.2468595805475465e-05,1.772796899006968e-05,2.5396019517326427e-05
0,62.0,0.0,0.0,1.75,-0.3570329719743264,9.999994999843054e-07,6.999975500021627e-06,1.3999902000461084e-05,2.9999550004489173e-05,2.0876000927927407e-10,1.899441159913806e-08,9.47170256671015e-08,5.542253529444707e-07,0.0037340061844067284,0.0037340061844067284,0.0019776979224656083,0.027307775407477104,1.2468595805475465e-05,1.2468595805475465e-05,1.772796899006968e-05,2.5396019517326427e-05
0,10.0,0.0,1.0,507.0,0.0,0.0327838995179941,0.20811043366321835,0.37291091472694393,0.6321205588285577,4.51868584772086e-08,4.111400357387218e-06,2.0501631944669363e-05,0.00011995691038313439,0.10976016278585567,0.10976016278585567,0.4537756269586579,0.9124952064536961,1.2468595805475465e-05,1.2468595805475465e-05,0.9999740641249462,0.9999816962296509
0,63.0,0.0,0.0,16.0,0.0,9.999994999843054e-07,6.999975500021627e-06,1.3999902000461084e-05,2.9999550004489173e-05,1.8438128801534504e-10,1.6776268374485426e-08,8.36560918315854e-08,4.8950363418232e-07,0.0026991976553868793,0.0026991976553868793,0.0017218431896507676,0.02167670184993272,1.2468595805475465e-05,1.2468595805475465e-05,1.772796899006968e-05,2.5396019517326427e-05
0,118.0,0.0,0.0,1.5,-0.5,9.999994999843054e-07,6.999975500021627e-06,1.3999902000461084e-05,2.9999550004489173e-05,1.1102230246251565e-16,8.770761894538737e-15,4.374278717023117e-14,2.560174294785611e-13,0.00010924777993060341,0.00010924777993060341,2.80520043020904e-06,3.856389348533021e-05,1.2468595805475465e-05,1.2468595805475465e-05,1.772796899006968e-05,2.5396019517326427e-05
0,129.0,0.0,0.0,507.0,0.0,9.999994999843054e-07,6.999975500021627e-06,1.3999902000461084e-05,2.9999550004489173e-05,0.0,0.0,0.0,0.0,5.0966487624975086e-05,5.0966487624975086e-05,6.053137527489501e-07,5.346138917339171e-06,1.2468595805475465e-05,1.2468595805475465e-05,1.772796899006968e-05,2.5396019517326427e-05
0,23.0,0.0,4.0,2.7209302325581395,0.04068942377782889,0.12482668095705252,0.6067592791314018,0.8453617354507452,0.9816843611112658,2.0269323496302505e-05,0.0018425604494908265,0.009154379433081505,0.05239019216906082,0.041028621382199704,0.041028621382199704,0.2779989282664942,0.9236330333338165,1.2468595805475465e-05,1.2468595805475465e-05,1.772796899006968e-05,0.9999816962296509
0,65.0,0.0,0.0,507.0,0.0,9.999994999843054e-07,6.999975500021627e-06,1.3999902000461084e-05,2.9999550004489173e-05,2.4202861936828413e-14,2.205124971510486e-12,1.0995759858190013e-11,6.434053290149677e-11,0.0032666963441869167,0.0032666963441869167,0.0010981350284496847,0.010355823720389592,1.2468595805475465e-05,1.2468595805475465e-05,1.772796899006968e-05,2.5396019517326427e-05
0,49.0,0.0,0.0,37.0,0.0,9.999994999843054e-07,6.999975500021627e-06,1.3999902000461084e-05,2.9999550004489173e-05,4.7555336335491916e-09,4.326908089602455e-07,2.157642649214253e-06,1.2625124853560266e-05,0.006776046170407032,0.006776046170407032,0.008746936409099407,0.1021483873951349,1.2468595805475465e-05,1.2468595805475465e-05,1.772796899006968e-05,2.5396019517326427e-05
0,41.0,0.0,0.0,24.75,-0.41800799227627267,9.999994999843054e-07,6.999975500021627e-06,1.3999902000461084e-05,2.9999550004489173e-05,2.9657935773919064e-08,2.6984777728999987e-06,1.3456085302232523e-05,7.873412270686941e-05,0.015379646348630418,0.015379646348630418,0.02255597110009184,0.25118201481925834,1.2468595805475465e-05,1.2468595805475465e-05,1.772796899006968e-05,2.5396019517326427e-05
0,85.0,0.0,0.0,1.0,0.0,9.999994999843054e-07,6.999975500021627e-06,1.3999902000461084e-05,2.9999550004489173e-05,8.195666367782906e-13,7.457201522953483e-11,3.7185887702406717e-10,2.1758884694023095e-09,0.000640159423209419,0.000640159423209419,0.000131587826586453,0.0016599345523185694,1.2468595805475465e-05,1.2468595805475465e-05,1.772796899006968e-05,2.5396019517326427e-05
0,14.0,0.0,1.0,507.0,0.0,0.0327838995179941,0.20811043366321835,0.37291091472694393,0.6321205588285577,1.6107924771802118e-08,1.4656078510810744e-06,7.308339882050596e-06,4.2763128880962675e-05,0.08679451750621127,0.08679451750621127,0.3419859427959512,0.8665486048047103,1.2468595805475465e-05,1.2468595805475465e-05,1.772796899006968e-05,0.9999816962296509
0,14.0,0.0,1.0,507.0,0.0,0.0327838995179941,0.20811043366321835,0.37291091472694393,0.6321205588285577,1.6107924771802118e-08,1.4656078510810744e-06,7.308339882050596e-06,4.2763128880962675e-05,0.08679451750621127,0.08679451750621127,0.3419859427959512,0.8665486048047103,1.2468595805475465e-05,1.2468595805475465e-05,1.772796899006968e-05,0.9999816962296509
0,129.0,0.0,0.0,507.0,0.0,9.999994999843054e-07,6.999975500021627e-06,1.3999902000461084e-05,2.9999550004489173e-05,0.0,0.0,0.0,0.0,5.0966487624975086e-05,5.0966487624975086e-05,6.053137527489501e-07,5.346138917339171e-06,1.2468595805475465e-05,1.2468595805475465e-05,1.772796899006968e-05,2.5396019517326427e-05
0,56.0,0.0,0.0,5.4,-0.1413064480488942,9.999994999843054e-07,6.999975500021627e-06,1.3999902000461084e-05,2.9999550004489173e-05,1.1578041858584243e-09,1.0534492200786616e-07,5.253100835433955e-07,3.0737859463281225e-06,0.004693607692951982,0.004693607692951982,0.00394587939762368,0.0507570481657403,1.2468595805475465e-05,1.2468595805475465e-05,1.772796899006968e-05,2.5396019517326427e-05
0,22.0,0.0,2.0,6.818181818181818,-0.136137185996649,0.06449301496838222,0.37291091472694393,0.6067592791314018,0.8646647167633873,1.2164697169358973e-05,0.0011062215727193347,0.005504105102853596,0.03177964807623168,0.045257832505014806,0.045257832505014806,0.23356203147674776,0.8672106911977288,1.2468595805475465e-05,1.2468595805475465e-05,1.772796899006968e-05,0.9999816962296509
0,8.0,0.0,7.0,4.48,0.031095458571546823,0.20811043366321835,0.8047224371643142,0.9618666734529548,0.9990881180344455,0.0020027309307310004,0.16673606712341427,0.5973047234312231,0.995118347183043,0.11721584183885704,0.11721584183885704,0.7924015930477091,0.995689991209456,1.2468595805475465e-05,1.2468595805475465e-05,0.9999740641249462,0.9999816962296509
0,15.0,0.0,2.0,9.166666666666666,0.03364891000825694,0.06449301496838222,0.37291091472694393,0.6067592791314018,0.8646647167633873,8.504173167456219e-05,0.007708144771190306,0.03785117428501694,0.2021081466035154,0.061776961682685864,0.061776961682685864,0.4071405281130813,0.9342503605516369,1.2468595805475465e-05,1.2468595805475465e-05,1.772796899006968e-05,0.9999816962296509
0,20.0,0.0,1.0,13.0,-0.330158912017533,0.0327838995179941,0.20811043366321835,0.37291091472694393,0.6321205588285577,1.1557486502944414e-05,0.0010510323405188426,0.005230081425650734,0.030217551010757182,0.05637542942849736,0.05637542942849736,0.24477645075481144,0.8547426972925353,1.2468595805475465e-05,1.2468595805475465e-05,1.772796899006968e-05,0.9999816962296509
0,21.0,0.0,1.0,8.6,0.0009446702087466363,0.0327838995179941,0.20811043366321835,0.37291091472694393,0.6321205588285577,1.367490477011124e-05,0.00124347090384469,0.006185309120919524,0.03565387709235479,0.041651456299794255,0.041651456299794255,0.2216367573632376,0.8267253218270078,1.2468595805475465e-05,1.2468595805475465e-05,1.772796899006968e-05,0.9999816962296509
0,14.0,0.0,2.0,7.4,-0.12072441235284143,0.06449301496838222,0.37291091472694393,0.6067592791314018,0.8646647167633873,9.633475542214498e-05,0.008727309618066448,0.0427688554398753,0.22567698396633062,0.07310897016070492,0.07310897016070492,0.4375375721797644,0.9436867209898022,1.2468595805475465e-05,1.2468595805475465e-05,1.772796899006968e-05,0.9999816962296509
0,7.0,0.0,6.0,7.875,-0.019510041310874457,0.18126924692201818,0.7534030360583935,0.9391899373747821,0.9975212478233336,0.0017953711440148457,0.15083514398747044,0.5574998214606506,0.9915256888313434,0.12314644321071615,0.12314644321071615,0.7822682747642434,0.9944103391413283,1.2468595805475465e-05,1.2468595805475465e-05,0.9999740641249462,0.9999816962296509
0,28.0,0.0,2.0,6.071428571428571,0.12028813769471881,0.06449301496838222,0.37291091472694393,0.6067592791314018,0.8646647167633873,3.4406560406319286e-06,0.0003130059061547952,0.0015598534356839888,0.009092831925985756,0.025738464923862826,0.025738464923862826,0.12982687669143766,0.7488498095573735,1.2468595805475465e-05,1.2468595805475465e-05,1.772796899006968e-05,0.9999816962296509
0,16.0,0.0,2.0,8.0,-0.06958563885880387,0.06449301496838222,0.37291091472694393,0.6067592791314018,0.8646647167633873,6.00973108216829e-05,0.005453304188809627,0.026899311239654944,0.14747593099670464,0.06248805567942,0.06248805567942,0.38033471405207,0.9286791721831716,1.2468595805475465e-05,1.2468595805475465e-05,1.772796899006968e-05,0.9999816962296509
0,1.0,1.0,5.0,9.0,-0.09133325564740634,0.15351827510938587,0.6885967760854023,0.9030280321355949,0.9932620530009145,0.005776980427459666,0.40971702965326184,0.9278269372214861,0.9999997911102909,0.8294847144778336,0.8294847144778336,0.9594114385815004,0.9968339887163937,0.9999694131007107,0.9999694131007107,0.9999740641249462,0.9999816962296509
0,2.0,2.0,4.0,6.928571428571429,-0.21637720843474512,0.12482668095705252,0.6067592791314018,0.8453617354507452,0.9816843611112658,0.0030625726709859746,0.2435216245911922,0.7513377087578382,0.9997092746180921,0.9910726061723356,0.9910726061723356,0.9856508757984761,0.9959812383034753,0.9999694131007107,0.9999694131007107,0.9999740641249462,0.9999816962296509
0,8.0,0.0,1.0,9.307692307692308,-0.03866641277655593,0.0327838995179941,0.20811043366321835,0.37291091472694393,0.6321205588285577,0.0003700569265820963,0.03311579350852201,0.15458742815233395,0.6256730213328547,0.09451212994131221,0.09451212994131221,0.5669888401371178,0.9574207684794724,1.2468595805475465e-05,1.2468595805475465e-05,0.9999740641249462,0.9999816962296509
1,0.0,3.0,6.0,6.888888888888889,-0.06222834555614594,0.18126924692201818,0.7534030360583935,0.9391899373747821,0.9975212478233336,0.009783554427131413,0.5912116293883054,0.9884466245502869,0.999999999995385,0.999654827054834,0.999654827054834,0.9979145933904402,0.9987926256946565,0.9999694131007107,0.9999694131007107,0.9999740641249462,0.9999816962296509
0,7.0,0.0,2.0,6.2105263157894735,-0.14230272093022164,0.06449301496838222,0.37291091472694393,0.6067592791314018,0.8646647167633873,0.0005842042725896501,0.05178160026388712,0.23290008962168418,0.7880542606781467,0.11215026464160255,0.11215026464160255,0.6390137688159684,0.9747989416000487,1.2468595805475465e-05,1.2468595805475465e-05,0.9999740641249462,0.9999816962296509
0,8.0,0.0,4.0,7.75,-0.15851772929401964,0.12482668095705252,0.6067592791314018,0.8453617354507452,0.9816843611112658,0.0007202870430637054,0.0634573760577144,0.27885927026567825,0.852354247258464,0.11692269088124033,0.11692269088124033,0.692271729751836,0.9868953189171001,1.2468595805475465e-05,1.2468595805475465e-05,0.9999740641249462,0.9999816962296509
0,7.0,0.0,5.0,6.611111111111111,-0.22697280976162915,0.15351827510938587,0.6885967760854023,0.9030280321355949,0.9932620530009145,0.0011411712277783481,0.09867631501524554,0.4043245351601914,0.9517501546498618,0.13512039080659405,0.13512039080659405,0.7521115127990212,0.992246514563535,1.2468595805475465e-05,1.2468595805475465e-05,0.9999740641249462,0.9999816962296509
0,36.0,0.0,0.0,7.357142857142857,0.08632150180712637,9.999994999843054e-07,6.999975500021627e-06,1.3999902000461084e-05,2.9999550004489173e-05,2.4751982374837667e-07,2.2520791725266776e-05,0.00011229654146716062,0.0006569109757429414,0.014393445451608883,0.014393445451608883,0.0392946955585916,0.3479575436565101,1.2468595805475465e-05,1.2468595805475465e-05,1.772796899006968e-05,2.5396019517326427e-05
0,1.0,1.0,3.0,8.8,-0.08732759611711152,0.09516258196404048,0.5034146962085906,0.7534030360583935,0.950212931632136,0.0034965670401611026,0.2729056499992062,0.7959144741720727,0.9999084943952802,0.8145673420442974,0.8145673420442974,0.9429902885124121,0.9931017833909681,0.9999694131007107,0.9999694131007107,0.9999740641249462,0.9999816962296509
0,22.0,0.0,1.0,13.75,-0.30157938535644596,0.0327838995179941,0.20811043366321835,0.37291091472694393,0.6321205588285577,7.02159621912557e-06,0.0006386709422364634,0.003180727758393509,0.01846864005293658,0.04885006755146658,0.04885006755146658,0.2037960713836157,0.8214760723514473,1.2468595805475465e-05,1.2468595805475465e-05,1.772796899006968e-05,0.9999816962296509
0,20.0,0.0,2.0,6.333333333333333,-0.09358762455842798,0.06449301496838222,0.37291091472694393,0.6067592791314018,0.8646647167633873,2.1491480199475888e-05,0.0019535518591132783,0.009703670170895462,0.05545992291593704,0.049669004012184936,0.049669004012184936,0.27780053642414515,0.8910546055356536,1.2468595805475465e-05,1.2468595805475465e-05,1.772796899006968e-05,0.9999816962296509
0,2.0,1.0,2.0,9.923076923076923,0.12111553405752935,0.06449301496838222,0.37291091472694393,0.6067592791314018,0.8646647167633873,0.0025610003929563696,0.20809685003414513,0.687592943831612,0.9988948564675532,0.7700650368823448,0.7700650368823448,0.9241915359043464,0.9878573948701846,0.9999694131007107,0.9999694131007107,0.9999740641249462,0.9999816962296509
0,2.0,1.0,5.0,5.6,-0.19996173743905785,0.15351827510938587,0.6885967760854023,0.9030280321355949,0.9932620530009145,0.004220969982482448,0.31945782108473275,0.8532698328037129,0.9999867264570881,0.8315702642980487,0.8315702642980487,0.9548566240278807,0.9965595038819305,0.9999694131007107,0.9999694131007107,0.9999740641249462,0.9999816962296509
1,0.0,2.0,5.0,6.6,-0.021478379512495,0.15351827510938587,0.6885967760854023,0.9030280321355949,0.9932620530009145,0.008165603975036073,0.5257460547062309,0.975767132381169,0.9999999996480057,0.9913515292822637,0.9913515292822637,0.9903814266929127,0.9977268519623954,0.9999694131007107,0.9999694131007107,0.9999740641249462,0.9999816962296509
0,7.0,0.0,3.0,7.0,0.03583543375011578,0.09516258196404048,0.5034146962085906,0.7534030360583935,0.950212931632136,0.0008984397242506326,0.07852803052695523,0.33489911492742064,0.9080297659903493,0.10399044655695361,0.10399044655695361,0.677340724143202,0.9819027900368329,1.2468595805475465e-05,1.2468595805475465e-05,0.9999740641249462,0.9999816962296509
0,6.0,1.0,3.0,9.071428571428571,-0.13655096412410522,0.09516258196404048,0.5034146962085906,0.7534030360583935,0.950212931632136,0.000911125346323538,0.07959196451243655,0.338719637688097,0.9110783075431327,0.7671101972205112,0.7671101972205112,0.9021666133317817,0.9877681382050846,0.9999694131007107,0.9999694131007107,0.9999740641249462,0.9999816962296509
0,18.0,0.0,5.0,7.666666666666667,-0.11239784924116328,0.15351827510938587,0.6885967760854023,0.9030280321355949,0.9932620530009145,7.42148293402245e-05,0.006730073099075029,0.03311280398802674,0.17883907416002476,0.06550109779076362,0.06550109779076362,0.45380935599968103,0.9711074060657194,1.2468595805475465e-05,1.2468595805475465e-05,1.772796899006968e-05,0.9999816962296509
0,35.0,0.0,0.0,69.0,0.0,9.999994999843054e-07,6.999975500021627e-06,1.3999902000461084e-05,2.9999550004489173e-05,1.0156557417317913e-07,9.241086752820316e-06,4.6080509249812884e-05,0.00026960451602242586,0.0170262833539421,0.0170262833539421,0.042994671713761534,0.3660837079296526,1.2468595805475465e-05,1.2468595805475465e-05,1.772796899006968e-05,2.5396019517326427e-05
0,1.0,4.0,23.0,1.208695652173913,-0.29870144419286404,0.5354409796390885,0.9953303290336443,0.999978194173066,0.9999999998973812,0.3865814278545875,1.0,1.0,1.0,0.9999942732757143,0.9999942732757143,0.9999712280295564,0.9999986947260104,0.9999694131007107,0.9999694131007107,0.9999740641249462,0.9999816962296509
0,1.0,6.0,25.0,1.188034188034188,-0.3766163982144598,0.5654017914929218,0.9970717003051818,0.9999914250608973,0.9999999999861121,0.509660124615869,1.0,1.0,1.0,0.9999999910007621,0.9999999910007621,0.9999986679754166,0.9999996323942718,0.9999694131007107,0.9999694131007107,0.9999740641249462,0.9999816962296509
0,1.0,5.0,25.0,1.219298245614035,-0.4111057675076603,0.5654017914929218,0.9970717003051818,0.9999914250608973,0.9999999999861121,0.5057183864360805,1.0,1.0,1.0,0.9999997956017386,0.9999997956017386,0.9999948372446963,0.999999541229694,0.9999694131007107,0.9999694131007107,0.9999740641249462,0.9999816962296509
0,14.0,0.0,1.0,16.0,-0.12455755680683238,0.0327838995179941,0.20811043366321835,0.37291091472694393,0.6321205588285577,6.41245945596225e-05,0.005817691558052007,0.02867587569173724,0.15654296495746556,0.0703853721219201,0.0703853721219201,0.39335358563483375,0.9183537766652424,1.2468595805475465e-05,1.2468595805475465e-05,1.772796899006968e-05,0.9999816962296509
0,1.0,1.0,2.0,23.333333333333332,-0.9223262883351458,0.06449301496838222,0.37291091472694393,0.6067592791314018,0.8646647167633873,0.000872939238086401,0.07638564175088902,0.32715238249504186,0.9015818899326583,0.8880656420751428,0.8880656420751428,0.9344228336564617,0.9918806911720687,0.9999694131007107,0.9999694131007107,0.9999740641249462,0.9999816962296509
0,9.0,0.0,2.0,17.8,-0.12902199801510056,0.06449301496838222,0.37291091472694393,0.6067592791314018,0.8646647167633873,0.00029001770301750884,0.02604640166016292,0.12331167386658015,0.5370164278173515,0.09961375324545493,0.09961375324545493,0.5819801478888206,0.9677834723001418,1.2468595805475465e-05,1.2468595805475465e-05,0.9999740641249462,0.9999816962296509
0,13.0,0.0,2.0,15.75,-0.04619080252195978,0.06449301496838222,0.37291091472694393,0.6067592791314018,0.8646647167633873,0.00011691085044007732,0.01058158570371559,0.051664572604526726,0.26684513668945065,0.07407653980307816,0.07407653980307816,0.46486703315045824,0.9481903833539852,1.2468595805475465e-05,1.2468595805475465e-05,0.9999740641249462,0.9999816962296509
0,48.0,0.0,0.0,79.0,0.0,9.999994999843054e-07,6.999975500021627e-06,1.3999902000461084e-05,2.9999550004489173e-05,2.994672065881332e-09,2.724756585914534e-07,1.3587191531883036e-06,7.950358322461604e-06,0.00742828080072194,0.00742828080072194,0.009646409704986895,0.10918800913605473,1.2468595805475465e-05,1.2468595805475465e-05,1.772796899006968e-05,2.5396019517326427e-05
0,15.0,0.0,4.0,1.3333333333333333,-0.4775922500725171,0.12482668095705252,0.6067592791314018,0.8453617354507452,0.9816843611112658,9.43489289287891e-05,0.008548169195855992,0.04190592470556764,0.2215835341935415,0.09618579897135243,0.09618579897135243,0.5016071461095605,0.9731873502331567,1.2468595805475465e-05,1.2468595805475465e-05,1.772796899006968e-05,0.9999816962296509
0,1.0,5.0,27.0,1.2,-0.3616228270250047,0.5934303402594009,0.9981636952229711,0.9999966279847659,0.9999999999981205,0.7100717350448873,1.0,1.0,1.0,0.9999998077829094,0.9999998077829094,0.9999963793121335,0.9999997870053575,0.9999694131007107,0.9999694131007107,0.9999740641249462,0.9999816962296509
0,19.0,0.0,1.0,507.0,0.0,0.0327838995179941,0.20811043366321835,0.37291091472694393,0.6321205588285577,4.436841338772979e-09,4.036940162155389e-07,2.013048252758054e-06,1.1779056393268483e-05,0.06424211907017818,0.06424211907017818,0.22430654711707673,0.7822191030584443,1.2468595805475465e-05,1.2468595805475465e-05,1.772796899006968e-05,0.9999816962296509
0,77.0,0.0,0.0,507.0,0.0,9.999994999843054e-07,6.999975500021627e-06,1.3999902000461084e-05,2.9999550004489173e-05,1.1102230246251565e-15,9.992007221626409e-14,4.980460488468452e-13,2.914557484245961e-12,0.0014991201597333156,0.0014991201597333156,0.000269107010462281,0.0025201297472482688,1.2468595805475465e-05,1.2468595805475465e-05,1.772796899006968e-05,2.5396019517326427e-05
0,82.0,0.0,0.0,17.0,0.0,9.999994999843054e-07,6.999975500021627e-06,1.3999902000461084e-05,2.9999550004489173e-05,1.3502532425491154e-12,1.228505075445696e-10,6.126031903974649e-10,3.584575414272706e-09,0.000786203777607459,0.000786203777607459,0.00018574178353646277,0.0023271931566635454,1.2468595805475465e-05,1.2468595805475465e-05,1.772796899006968e-05,2.5396019517326427e-05
0,37.0,0.0,0.0,507.0,0.0,9.999994999843054e-07,6.999975500021627e-06,1.3999902000461084e-05,2.9999550004489173e-05,3.3132385723888547e-11,3.0146146690057662e-09,1.5032597167063955e-08,8.796146244716141e-08,0.019857141052291787,0.019857141052291787,0.028475141414348554,0.22376868266816188,1.2468595805475465e-05,1.2468595805475465e-05,1.772796899006968e-05,2.5396019517326427e-05
0,63.0,0.0,0.0,2.740740740740741,-0.19201275920310945,9.999994999843054e-07,6.999975500021627e-06,1.3999902000461084e-05,2.9999550004489173e-05,1.8887313935067596e-10,1.7184970224626284e-08,8.569411347192357e-08,5.014288720905924e-07,0.003092556999358151,0.003092556999358151,0.001746151148086271,0.023199731860408593,1.2468595805475465e-05,1.2468595805475465e-05,1.772796899006968e-05,2.5396019517326427e-05
0,2.0,3.0,10.0,2.7,-0.125,0.28346868942621073,0.9030280321355949,0.9905964374485048,0.9999546000702375,0.016262825851412366,0.7750477235939652,0.9994123061615812,1.0,0.9996914810488289,0.9996914810488289,0.9987135065864414,0.9996863696138496,0.9999694131007107,0.9999694131007107,0.9999740641249462,0.9999816962296509
0,134.0,0.0,0.0,507.0,0.0,9.999994999843054e-07,6.999975500021627e-06,1.3999902000461084e-05,2.9999550004489173e-05,0.0,0.0,0.0,0.0,3.681488369282871e-05,3.681488369282871e-05,3.367901634649637e-07,2.957195958862339e-06,1.2468595805475465e-05,1.2468595805475465e-05,1.772796899006968e-05,2.5396019517326427e-05
0,1.0,4.0,22.0,1.2990654205607477,-0.3368646005599453,0.5196946989102006,0.9941031285612749,0.9999652269072351,0.9999999997210532,0.30439814552481914,0.9999999999999954,1.0,1.0,0.9999941545166643,0.9999941545166643,0.9999656616959103,0.999998091625366,0.9999694131007107,0.9999694131007107,0.9999740641249462,0.9999816962296509
1,0.0,3.0,13.0,2.3392857142857144,-0.11564739134296509,0.3516556589984903,0.9518451458788036,0.9976811100245663,0.999997739670593,0.05828846021779455,0.9957648200311674,0.9999999999985337,1.0,0.9997647226289412,0.9997647226289412,0.9994037148478911,0.9999231740312071,0.9999694131007107,0.9999694131007107,0.9999740641249462,0.9999816962296509
0,5.0,2.0,15.0,4.814814814814815,0.2711732590887968,0.3934693402873666,0.9698026165776815,0.9990881180344455,0.9999996940976795,0.04002177784345784,0.9756768740540596,0.9999999910511527,1.0,0.9908819193256424,0.9908819193256424,0.9970439894313937,0.999910148270613,0.9999694131007107,0.9999694131007107,0.9999740641249462,0.9999816962296509
0,2.0,1.0,1.0,507.0,0.0,0.0327838995179941,0.20811043366321835,0.37291091472694393,0.6321205588285577,3.4655242087122673e-07,3.153121232701839e-05,0.00015722282509045282,0.0009196199953526163,0.8286760092669974,0.8286760092669974,0.8917621276142242,0.9713462499963401,0.9999694131007107,0.9999694131007107,0.9999740641249462,0.9999816962296509
0,22.0,0.0,1.0,507.0,0.0,0.0327838995179941,0.20811043366321835,0.37291091472694393,0.6321205588285577,2.046889879814273e-09,1.8623998954137022e-07,9.28699046665038e-07,5.434160458728243e-06,0.053460691019731894,0.053460691019731894,0.16903020124876073,0.7157270674264637,1.2468595805475465e-05,1.2468595805475465e-05,1.772796899006968e-05,0.9999816962296509
0,6.0,1.0,3.0,8.0,-1.0,0.09516258196404048,0.5034146962085906,0.7534030360583935,0.950212931632136,0.00037201483511539735,0.03328808659092031,0.15533837645621773,0.6276144221625162,0.8634146311800974,0.8634146311800974,0.9054186167449917,0.9904587094278341,0.9999694131007107,0.9999694131007107,0.9999740641249462,0.9999816962296509
0,16.0,0.0,1.0,18.0,0.0,0.0327838995179941,0.20811043366321835,0.37291091472694393,0.6321205588285577,4.2211625015164955e-05,0.0038334163695592505,0.018970104471963678,0.10601625379480295,0.05712316810864172,0.05712316810864172,0.3376108919836883,0.8952171082704609,1.2468595805475465e-05,1.2468595805475465e-05,1.772796899006968e-05,0.9999816962296509
0,37.0,0.0,0.0,507.0,0.0,9.999994999843054e-07,6.999975500021627e-06,1.3999902000461084e-05,2.9999550004489173e-05,3.3132385723888547e-11,3.0146146690057662e-09,1.5032597167063955e-08,8.796146244716141e-08,0.019857141052291787,0.019857141052291787,0.028475141414348554,0.22376868266816188,1.2468595805475465e-05,1.2468595805475465e-05,1.772796899006968e-05,2.5396019517326427e-05
0,37.0,0.0,0.0,507.0,0.0,9.999994999843054e-07,6.999975500021627e-06,1.3999902000461084e-05,2.9999550004489173e-05,3.3132385723888547e-11,3.0146146690057662e-09,1.5032597167063955e-08,8.796146244716141e-08,0.019857141052291787,0.019857141052291787,0.028475141414348554,0.22376868266816188,1.2468595805475465e-05,1.2468595805475465e-05,1.772796899006968e-05,2.5396019517326427e-05
0,7.0,0.0,1.0,507.0,0.0,0.0327838995179941,0.20811043366321835,0.37291091472694393,0.6321205588285577,9.794709454613582e-08,8.911855737481211e-06,4.443883400584436e-05,0.0002600005564153962,0.1303321564591837,0.1303321564591837,0.541490695975092,0.9370131030925926,1.2468595805475465e-05,1.2468595805475465e-05,0.9999740641249462,0.9999816962296509
0,65.0,0.0,0.0,507.0,0.0,9.999994999843054e-07,6.999975500021627e-06,1.3999902000461084e-05,2.9999550004489173e-05,2.4202861936828413e-14,2.205124971510486e-12,1.0995759858190013e-11,6.434053290149677e-11,0.0032666963441869167,0.0032666963441869167,0.0010981350284496847,0.010355823720389592,1.2468595805475465e-05,1.2468595805475465e-05,1.772796899006968e-05,2.5396019517326427e-05
0,1.0,1.0,11.0,2.5384615384615383,-0.09495656810975947,0.3069593799135585,0.9232089104210319,0.9941031285612749,0.9999832982992097,0.029418348160879737,0.933916980284685,0.9999986929521243,1.0,0.8672725272857289,0.8672725272857289,0.9857490432053687,0.9996979719400089,0.9999694131007107,0.9999694131007107,0.9999740641249462,0.9999816962296509
0,4.0,1.0,1.0,507.0,0.0,0.0327838995179941,0.20811043366321835,0.37291091472694393,0.6321205588285577,2.0691057467381313e-07,1.882596068858433e-05,9.387351346035189e-05,0.000549164705598959,0.8094068602226767,0.8094068602226767,0.8669611817423255,0.9639643114884052,0.9999694131007107,0.9999694131007107,0.9999740641249462,0.9999816962296509
0,1.0,1.0,1.0,507.0,0.0,0.0327838995179941,0.20811043366321835,0.37291091472694393,0.6321205588285577,4.484995949072257e-07,4.080673005557589e-05,0.00020346920686986625,0.0011899885547951294,0.83771567472857,0.83771567472857,0.9025711820267753,0.9744646821290353,0.9999694131007107,0.9999694131007107,0.9999740641249462,0.9999816962296509
0,1.0,2.0,2.0,41.0,-0.21946759433967752,0.06449301496838222,0.37291091472694393,0.6067592791314018,0.8646647167633873,0.0013223993442520454,0.11343474120414221,0.4514002465447352,0.9701952824542533,0.9909912454895613,0.9909912454895613,0.9815687740371675,0.9919568927049746,0.9999694131007107,0.9999694131007107,0.9999740641249462,0.9999816962296509
0,22.0,0.0,2.0,4.0,0.0,0.06449301496838222,0.37291091472694393,0.6067592791314018,0.8646647167633873,1.4747021467864663e-05,0.0013408947306031704,0.006668622419993886,0.03839483523982057,0.04094175601486037,0.04094175601486037,0.2327424757203916,0.8629540913574607,1.2468595805475465e-05,1.2468595805475465e-05,1.772796899006968e-05,0.9999816962296509
0,36.0,0.0,0.0,11.0,0.19150662430743148,9.999994999843054e-07,6.999975500021627e-06,1.3999902000461084e-05,2.9999550004489173e-05,2.599274548931163e-07,2.3649696898164763e-05,0.00011792539199728669,0.0006898291400464496,0.013339501946725665,0.013339501946725665,0.03906503125063298,0.3402243457268426,1.2468595805475465e-05,1.2468595805475465e-05,1.772796899006968e-05,2.5396019517326427e-05
0,78.0,0.0,0.0,507.0,0.0,9.999994999843054e-07,6.999975500021627e-06,1.3999902000461084e-05,2.9999550004489173e-05,8.881784197001252e-16,7.716050021144838e-14,3.8491432263754177e-13,2.2519763831496675e-12,0.0014048306364502223,0.0014048306364502223,0.00023933912068892465,0.0022393032913698213,1.2468595805475465e-05,1.2468595805475465e-05,1.772796899006968e-05,2.5396019517326427e-05
0,37.0,0.0,0.0,507.0,0.0,9.999994999843054e-07,6.999975500021627e-06,1.3999902000461084e-05,2.9999550004489173e-05,3.3132385723888547e-11,3.0146146690057662e-09,1.5032597167063955e-08,8.796146244716141e-08,0.019857141052291787,0.019857141052291787,0.028475141414348554,0.22376868266816188,1.2468595805475465e-05,1.2468595805475465e-05,1.772796899006968e-05,2.5396019517326427e-05
0,65.0,0.0,0.0,507.0,0.0,9.999994999843054e-07,6.999975500021627e-06,1.3999902000461084e-05,2.9999550004489173e-05,2.4202861936828413e-14,2.205124971510486e-12,1.0995759858190013e-11,6.434053290149677e-11,0.0032666963441869167,0.0032666963441869167,0.0010981350284496847,0.010355823720389592,1.2468595805475465e-05,1.2468595805475465e-05,1.772796899006968e-05,2.5396019517326427e-05
0,58.0,0.0,0.0,7.6,-0.030911862364605604,9.999994999843054e-07,6.999975500021627e-06,1.3999902000461084e-05,2.9999550004489173e-05,7.482285901971863e-10,6.807893626614714e-08,3.394805717649163e-07,1.9864288033355493e-06,0.0037999688463280943,0.0037999688463280943,0.0031059222227047723,0.03917574124753475,1.2468595805475465e-05,1.2468595805475465e-05,1.772796899006968e-05,2.5396019517326427e-05
0,117.0,0.0,0.0,507.0,0.0,9.999994999843054e-07,6.999975500021627e-06,1.3999902000461084e-05,2.9999550004489173e-05,0.0,0.0,0.0,1.1102230246251565e-16,0.0001112500786073082,0.0001112500786073082,2.4721268547303946e-06,2.214214855763066e-05,1.2468595805475465e-05,1.2468595805475465e-05,1.772796899006968e-05,2.5396019517326427e-05
0,16.0,0.0,1.0,19.0,-0.9,0.0327838995179941,0.20811043366321835,0.37291091472694393,0.6321205588285577,1.5997900212672e-05,0.001454550881622274,0.0072322257286066005,0.04158297172778802,0.10689427332011009,0.10689427332011009,0.34617322830633857,0.9171872162050586,1.2468595805475465e-05,1.2468595805475465e-05,1.772796899006968e-05,0.9999816962296509
0,33.0,0.0,0.0,507.0,0.0,9.999994999843054e-07,6.999975500021627e-06,1.3999902000461084e-05,2.9999550004489173e-05,9.294498504175408e-11,8.456766953379713e-09,4.2170288816478774e-08,2.4675443544008857e-07,0.02560796115861558,0.02560796115861558,0.04475324692419857,0.3164511309625752,1.2468595805475465e-05,1.2468595805475465e-05,1.772796899006968e-05,2.5396019517326427e-05
0,10.0,0.0,1.0,14.333333333333334,-0.014614866045435642,0.0327838995179941,0.20811043366321835,0.37291091472694393,0.6321205588285577,0.0002079433251642726,0.018744171537394383,0.09004150706026814,0.4242689726333724,0.08281159581965661,0.08281159581965661,0.5079550167547976,0.9460278395657971,1.2468595805475465e-05,1.2468595805475465e-05,0.9999740641249462,0.9999816962296509
0,22.0,0.0,4.0,6.0625,-0.0752651164620699,0.12482668095705252,0.6067592791314018,0.8453617354507452,0.9816843611112658,2.1908482454535694e-05,0.0019914195519742384,0.009891019714408977,0.05650504493798114,0.04757470163158182,0.04757470163158182,0.3028714223676927,0.9334710800707061,1.2468595805475465e-05,1.2468595805475465e-05,1.772796899006968e-05,0.9999816962296509
0,23.0,0.0,1.0,507.0,0.0,0.0327838995179941,0.20811043366321835,0.37291091472694393,0.6321205588285577,1.5816170595428503e-09,1.4390630009852856e-07,7.175991330043985e-07,4.198939198341023e-06,0.05026271213433034,0.05026271213433034,0.15319310012083534,0.6910295615912284,1.2468595805475465e-05,1.2468595805475465e-05,1.772796899006968e-05,0.9999816962296509
0,23.0,0.0,2.0,3.0,0.0,0.06449301496838222,0.37291091472694393,0.6067592791314018,0.8646647167633873,1.1592056877285373e-05,0.0010541745145310477,0.005245684460316258,0.03030655360435941,0.03843801138065167,0.03843801138065167,0.21253577107911054,0.8484716487414555,1.2468595805475465e-05,1.2468595805475465e-05,1.772796899006968e-05,0.9999816962296509
0,65.0,0.0,0.0,507.0,0.0,9.999994999843054e-07,6.999975500021627e-06,1.3999902000461084e-05,2.9999550004489173e-05,2.4202861936828413e-14,2.205124971510486e-12,1.0995759858190013e-11,6.434053290149677e-11,0.0032666963441869167,0.0032666963441869167,0.0010981350284496847,0.010355823720389592,1.2468595805475465e-05,1.2468595805475465e-05,1.772796899006968e-05,2.5396019517326427e-05
0,2.0,4.0,13.0,3.40625,-0.0910201329280102,0.3516556589984903,0.9518451458788036,0.9976811100245663,0.999997739670593,0.03460492287133632,0.9594151634724748,0.9999998850513578,1.0,0.999988295218698,0.999988295218698,0.9998054045994463,0.9999221215203559,0.9999694131007107,0.9999694131007107,0.9999740641249462,0.9999816962296509
0,70.0,0.0,0.0,6.0,-0.1513920958704217,9.999994999843054e-07,6.999975500021627e-06,1.3999902000461084e-05,2.9999550004489173e-05,3.0663582784029586e-11,2.7899852428348026e-09,1.391246640114474e-08,8.140714968796203e-08,0.0019083266873933253,0.0019083266873933253,0.0007667627272245999,0.010107680429218746,1.2468595805475465e-05,1.2468595805475465e-05,1.772796899006968e-05,2.5396019517326427e-05
0,83.0,0.0,0.0,7.333333333333333,-0.21036401383481204,9.999994999843054e-07,6.999975500021627e-06,1.3999902000461084e-05,2.9999550004489173e-05,9.855449789597515e-13,8.9667939739968e-11,4.4713588387423897e-10,2.6163627930841926e-09,0.0008581236522040697,0.0008581236522040697,0.00016739674090941533,0.002219677373674841,1.2468595805475465e-05,1.2468595805475465e-05,1.772796899006968e-05,2.5396019517326427e-05
0,81.0,0.0,0.0,6.555555555555555,-0.35355241471869464,9.999994999843054e-07,6.999975500021627e-06,1.3999902000461084e-05,2.9999550004489173e-05,1.4374057499821902e-12,1.3078627070228777e-10,6.521752027310868e-10,3.816126192823788e-09,0.0010882653402056377,0.0010882653402056377,0.0002130022025235966,0.0029322663203147255,1.2468595805475465e-05,1.2468595805475465e-05,1.772796899006968e-05,2.5396019517326427e-05
0,79.0,0.0,0.0,5.333333333333333,-0.3333333333333333,9.999994999843054e-07,6.999975500021627e-06,1.3999902000461084e-05,2.9999550004489173e-05,2.511768570911954e-12,2.285343025931752e-10,1.139603078570417e-09,6.6682523947037e-09,0.001219552606183921,0.001219552606183921,0.0002691943810203481,0.003696131417375557,1.2468595805475465e-05,1.2468595805475465e-05,1.772796899006968e-05,2.5396019517326427e-05
0,82.0,0.0,0.0,7.333333333333333,-0.2359040054034799,9.999994999843054e-07,6.999975500021627e-06,1.3999902000461084e-05,2.9999550004489173e-05,1.2413403638333875e-12,1.1294942758866e-10,5.63230795336267e-10,3.295678285830661e-09,0.000933584488702847,0.000933584488702847,0.0001884241432948817,0.0025165441692989805,1.2468595805475465e-05,1.2468595805475465e-05,1.772796899006968e-05,2.5396019517326427e-05
0,82.0,0.0,0.0,5.6,0.09570056999186398,9.999994999843054e-07,6.999975500021627e-06,1.3999902000461084e-05,2.9999550004489173e-05,1.8168799797990687e-12,1.6531265245589566e-10,8.243435933863452e-10,4.823548893639895e-09,0.0007259510413376871,0.0007259510413376871,0.0001859125562782946,0.002290814713379275,1.2468595805475465e-05,1.2468595805475465e-05,1.772796899006968e-05,2.5396019517326427e-05
0,83.0,0.0,0.0,5.0,0.056391776975439345,9.999994999843054e-07,6.999975500021627e-06,1.3999902000461084e-05,2.9999550004489173e-05,1.3605783166781293e-12,1.237950852939207e-10,6.173130895348322e-10,3.6121344804129762e-09,0.0007004816183393345,0.0007004816183393345,0.00016566777619391956,0.0020600310301514746,1.2468595805475465e-05,1.2468595805475465e-05,1.772796899006968e-05,2.5396019517326427e-05
0,82.0,0.0,0.0,6.125,-0.12592619086414472,9.999994999843054e-07,6.999975500021627e-06,1.3999902000461084e-05,2.9999550004489173e-05,1.4239720513842258e-12,1.2955836403705234e-10,6.460522117279766e-10,3.780297963551504e-09,0.0008585078553673977,0.0008585078553673977,0.00018763967630363427,0.0024409349768830975,1.2468595805475465e-05,1.2468595805475465e-05,1.772796899006968e-05,2.5396019517326427e-05
0,82.0,0.0,0.0,5.090909090909091,-0.11595860028131938,9.999994999843054e-07,6.999975500021627e-06,1.3999902000461084e-05,2.9999550004489173e-05,1.4648282586904315e-12,1.3327605685731214e-10,6.645909378377723e-10,3.888775523819277e-09,0.0008514939334816563,0.0008514939334816563,0.00018764499384933605,0.00243654374479851,1.2468595805475465e-05,1.2468595805475465e-05,1.772796899006968e-05,2.5396019517326427e-05
0,83.0,0.0,0.0,7.4,-0.37261906290739205,9.999994999843054e-07,6.999975500021627e-06,1.3999902000461084e-05,2.9999550004489173e-05,8.290035324876044e-13,7.542522162395926e-11,3.761134736990357e-10,2.200783888461899e-09,0.0009700132915700843,0.0009700132915700843,0.00016855740096246354,0.0023260399009204864,1.2468595805475465e-05,1.2468595805475465e-05,1.772796899006968e-05,2.5396019517326427e-05
0,82.0,0.0,0.0,4.461538461538462,-0.0888067954629157,9.999994999843054e-07,6.999975500021627e-06,1.3999902000461084e-05,2.9999550004489173e-05,1.5238921236004899e-12,1.386525338986644e-10,6.914010475256305e-10,4.0456512584441384e-09,0.0008338695551967205,0.0008338695551967205,0.00018747910175961684,0.0024190964680698046,1.2468595805475465e-05,1.2468595805475465e-05,1.772796899006968e-05,2.5396019517326427e-05
0,82.0,0.0,0.0,5.555555555555555,-0.0469096479055681,9.999994999843054e-07,6.999975500021627e-06,1.3999902000461084e-05,2.9999550004489173e-05,1.5634160632771454e-12,1.4224865729772773e-10,7.093332587970735e-10,4.150579546724487e-09,0.0008084780464006562,0.0008084780464006562,0.00018705350587694796,0.002387270629870602,1.2468595805475465e-05,1.2468595805475465e-05,1.772796899006968e-05,2.5396019517326427e-05
0,82.0,0.0,0.0,5.0,-0.08502585815068428,9.999994999843054e-07,6.999975500021627e-06,1.3999902000461084e-05,2.9999550004489173e-05,1.5158985178231887e-12,1.3792911257581864e-10,6.87793599851716e-10,4.024542810121545e-09,0.0008317850684358317,0.0008317850684358317,0.00018740442348885229,0.0024150992152419132,1.2468595805475465e-05,1.2468595805475465e-05,1.772796899006968e-05,2.5396019517326427e-05
0,84.0,0.0,0.0,5.666666666666667,-0.2687533418729937,9.999994999843054e-07,6.999975500021627e-06,1.3999902000461084e-05,2.9999550004489173e-05,7.366329768387914e-13,6.701994514912712e-11,3.342000010064794e-10,1.9555320696085232e-09,0.0008394519864721147,0.0008394519864721147,0.0001493597197214907,0.002009317173662363,1.2468595805475465e-05,1.2468595805475465e-05,1.772796899006968e-05,2.5396019517326427e-05
0,81.0,0.0,0.0,7.25,0.0703879145276496,9.999994999843054e-07,6.999975500021627e-06,1.3999902000461084e-05,2.9999550004489173e-05,2.2253310305586638e-12,2.0247303833542674e-10,1.009646588556734e-09,5.907827671514099e-09,0.000790515569045271,0.000790515569045271,0.00020911155207232953,0.002592535818595698,1.2468595805475465e-05,1.2468595805475465e-05,1.772796899006968e-05,2.5396019517326427e-05
0,70.0,0.0,0.0,6.75,-0.0790625699256842,9.999994999843054e-07,6.999975500021627e-06,1.3999902000461084e-05,2.9999550004489173e-05,3.268152415358827e-11,2.97358981882212e-09,1.4828024363922054e-08,8.676442819766095e-08,0.001807876504345574,0.001807876504345574,0.0007641441870434826,0.009892584038924667,1.2468595805475465e-05,1.2468595805475465e-05,1.772796899006968e-05,2.5396019517326427e-05
0,82.0,0.0,0.0,3.8333333333333335,-0.09661420712449906,9.999994999843054e-07,6.999975500021627e-06,1.3999902000461084e-05,2.9999550004489173e-05,1.5276668818842154e-12,1.390004777945819e-10,6.931361040685147e-10,4.055803914937428e-09,0.0008384557166681137,0.0008384557166681137,0.00018759350876725478,0.0024261472375526998,1.2468595805475465e-05,1.2468595805475465e-05,1.772796899006968e-05,2.5396019517326427e-05
0,86.0,0.0,0.0,6.333333333333333,-0.2481309591049361,9.999994999843054e-07,6.999975500021627e-06,1.3999902000461084e-05,2.9999550004489173e-05,4.4442227675745016e-13,4.0433101311521114e-11,2.016224964762614e-10,1.1797703924898428e-09,0.000726037112445406,0.000726037112445406,0.00011800168752257835,0.0015757113810298837,1.2468595805475465e-05,1.2468595805475465e-05,1.772796899006968e-05,2.5396019517326427e-05
0,82.0,0.0,0.0,4.230769230769231,0.055249768358645306,9.999994999843054e-07,6.999975500021627e-06,1.3999902000461084e-05,2.9999550004489173e-05,1.7820189768258388e-12,1.62143964921313e-10,8.085430103221825e-10,4.731093738996606e-09,0.0007478005094139221,0.0007478005094139221,0.00018634657602954532,0.0023210541328360325,1.2468595805475465e-05,1.2468595805475465e-05,1.772796899006968e-05,2.5396019517326427e-05
0,82.0,0.0,0.0,4.384615384615385,0.17600938878830222,9.999994999843054e-07,6.999975500021627e-06,1.3999902000461084e-05,2.9999550004489173e-05,2.0198287487005473e-12,1.8377843691297358e-10,9.164244918480335e-10,5.362349564386193e-09,0.0006826852050542884,0.0006826852050542884,0.00018537417077840905,0.0022411166613645816,1.2468595805475465e-05,1.2468595805475465e-05,1.772796899006968e-05,2.5396019517326427e-05
0,85.0,0.0,0.0,6.571428571428571,-0.13761153061562695,9.999994999843054e-07,6.999975500021627e-06,1.3999902000461084e-05,2.9999550004489173e-05,6.439293542825908e-13,5.85850257195375e-11,2.9213831354013564e-10,1.7094130555506126e-09,0.0007128687742323294,0.0007128687742323294,0.00013204072134920432,0.001717280312467737,1.2468595805475465e-05,1.2468595805475465e-05,1.772796899006968e-05,2.5396019517326427e-05
0,82.0,0.0,0.0,6.375,0.11104654963257109,9.999994999843054e-07,6.999975500021627e-06,1.3999902000461084e-05,2.9999550004489173e-05,1.822320072619732e-12,1.6580259387666274e-10,8.267866391520329e-10,4.837844236327271e-09,0.0007179499025957154,0.0007179499025957154,0.0001857272985936535,0.0022788382446121374,1.2468595805475465e-05,1.2468595805475465e-05,1.772796899006968e-05,2.5396019517326427e-05
0,82.0,0.0,0.0,6.375,-0.20439588833813413,9.999994999843054e-07,6.999975500021627e-06,1.3999902000461084e-05,2.9999550004489173e-05,1.304734098539484e-12,1.1871714722389015e-10,5.919920109676013e-10,3.4639709989292555e-09,0.000911063989140834,0.000911063989140834,0.0001882497160176391,0.0024962399472352385,1.2468595805475465e-05,1.2468595805475465e-05,1.772796899006968e-05,2.5396019517326427e-05
0,83.0,0.0,0.0,4.454545454545454,-0.17698372208124233,9.999994999843054e-07,6.999975500021627e-06,1.3999902000461084e-05,2.9999550004489173e-05,1.0725864640903637e-12,9.759615338111871e-11,4.86670259647326e-10,2.8476935254317937e-09,0.000835188807836284,0.000835188807836284,0.00016736963310701425,0.002204985524939856,1.2468595805475465e-05,1.2468595805475465e-05,1.772796899006968e-05,2.5396019517326427e-05
0,84.0,0.0,0.0,9.333333333333334,-0.2294201441430301,9.999994999843054e-07,6.999975500021627e-06,1.3999902000461084e-05,2.9999550004489173e-05,7.210898544940392e-13,6.561184928699504e-11,3.271786175318425e-10,1.914446712270035e-09,0.000816841768951035,0.000816841768951035,0.0001488685182738494,0.001979021855678965,1.2468595805475465e-05,1.2468595805475465e-05,1.772796899006968e-05,2.5396019517326427e-05
0,91.0,0.0,0.0,8.4,-0.2648104936273441,9.999994999843054e-07,6.999975500021627e-06,1.3999902000461084e-05,2.9999550004489173e-05,1.1601830607332886e-13,1.0560996521746802e-11,5.266331815079184e-11,3.0815316964805106e-10,0.00053191011525791,0.00053191011525791,6.564548962940612e-05,0.0008745396220814527,1.2468595805475465e-05,1.2468595805475465e-05,1.772796899006968e-05,2.5396019517326427e-05
0,86.0,0.0,0.0,5.857142857142857,-0.30920756180685677,9.999994999843054e-07,6.999975500021627e-06,1.3999902000461084e-05,2.9999550004489173e-05,4.199973702156967e-13,3.821143401694371e-11,1.9054424704734174e-10,1.1149470235949366e-09,0.0007600741787938247,0.0007600741787938247,0.00011833509660654837,0.0016045779793753153,1.2468595805475465e-05,1.2468595805475465e-05,1.772796899006968e-05,2.5396019517326427e-05
0,71.0,0.0,0.0,11.333333333333334,-0.3372059986789165,9.999994999843054e-07,6.999975500021627e-06,1.3999902000461084e-05,2.9999550004489173e-05,1.7760126702626167e-11,1.615933609144804e-09,8.057971623287585e-09,4.7150267246109934e-08,0.002064610773482672,0.002064610773482672,0.0006858121454543738,0.009428916253756808,1.2468595805475465e-05,1.2468595805475465e-05,1.772796899006968e-05,2.5396019517326427e-05
0,83.0,0.0,0.0,3.7333333333333334,-0.1527587375135258,9.999994999843054e-07,6.999975500021627e-06,1.3999902000461084e-05,2.9999550004489173e-05,1.1142198275138071e-12,1.0137857220371416e-10,5.055316165680779e-10,2.958058797908336e-09,0.0008196621403621015,0.0008196621403621015,0.00016724934773039104,0.002191254656714535,1.2468595805475465e-05,1.2468595805475465e-05,1.772796899006968e-05,2.5396019517326427e-05
0,81.0,0.0,0.0,7.571428571428571,0.1842485238995017,9.999994999843054e-07,6.999975500021627e-06,1.3999902000461084e-05,2.9999550004489173e-05,2.496669537777052e-12,2.2716395431388037e-10,1.132769877898454e-09,6.628269377806362e-09,0.00072553312636884,0.00072553312636884,0.0002080664303484781,0.002507826684245508,1.2468595805475465e-05,1.2468595805475465e-05,1.772796899006968e-05,2.5396019517326427e-05
0,13.0,0.0,2.0,6.142857142857143,-0.12644083569648915,0.06449301496838222,0.37291091472694393,0.6067592791314018,0.8646647167633873,0.00012662063549850888,0.011455420115956572,0.055833734944341185,0.28550511411769086,0.07789253337030203,0.07789253337030203,0.46677227972412433,0.9498011501720703,1.2468595805475465e-05,1.2468595805475465e-05,0.9999740641249462,0.9999816962296509
0,134.0,0.0,0.0,507.0,0.0,9.999994999843054e-07,6.999975500021627e-06,1.3999902000461084e-05,2.9999550004489173e-05,0.0,0.0,0.0,0.0,3.681488369282871e-05,3.681488369282871e-05,3.367901634649637e-07,2.957195958862339e-06,1.2468595805475465e-05,1.2468595805475465e-05,1.772796899006968e-05,2.5396019517326427e-05
1,0.0,7.0,14.0,1.2962962962962963,0.09762959312830619,0.37291091472694393,0.9618666734529548,0.9985458494064564,0.9999991684712809,0.08538309352795115,0.9997026416087903,1.0,1.0,0.9999999991085167,0.9999999991085167,0.9999977820653446,0.9999781216715107,0.9999694131007107,0.9999694131007107,0.9999740641249462,0.9999816962296509
0,89.0,0.0,0.0,3.3333333333333335,-0.16581248852486605,9.999994999843054e-07,6.999975500021627e-06,1.3999902000461084e-05,2.9999550004489173e-05,2.354783035229957e-13,2.1427082330660596e-11,1.068477528676226e-10,6.252068862622195e-10,0.0005602703347186796,0.0005602703347186796,8.282748245605713e-05,0.0010824427603230262,1.2468595805475465e-05,1.2468595805475465e-05,1.772796899006968e-05,2.5396019517326427e-05
0,61.0,0.0,0.0,507.0,0.0,9.999994999843054e-07,6.999975500021627e-06,1.3999902000461084e-05,2.9999550004489173e-05,6.794564910705958e-14,6.185829626303985e-12,3.08459924269755e-11,1.804916216485708e-10,0.004233516299235753,0.004233516299235753,0.0017541528783377627,0.01652710960386534,1.2468595805475465e-05,1.2468595805475465e-05,1.772796899006968e-05,2.5396019517326427e-05
0,57.0,0.0,0.0,2.5,-0.25,9.999994999843054e-07,6.999975500021627e-06,1.3999902000461084e-05,2.9999550004489173e-05,8.380172111799311e-10,7.624852249588088e-08,3.802188019985664e-07,2.2248033264560263e-06,0.004765124359009617,0.004765124359009617,0.0035316123267533487,0.046862707611137616,1.2468595805475465e-05,1.2468595805475465e-05,1.772796899006968e-05,2.5396019517326427e-05
0,55.0,0.0,0.0,3.0,-0.5,9.999994999843054e-07,6.999975500021627e-06,1.3999902000461084e-05,2.9999550004489173e-05,1.0679118700451795e-09,9.716590587682816e-08,4.845248349205633e-07,2.835136468815058e-06,0.006546417286235681,0.006546417286235681,0.0045075909184707245,0.06274851582209727,1.2468595805475465e-05,1.2468595805475465e-05,1.772796899006968e-05,2.5396019517326427e-05
0,54.0,0.0,0.0,1.0,0.0,9.999994999843054e-07,6.999975500021627e-06,1.3999902000461084e-05,2.9999550004489173e-05,2.42876119216362e-09,2.2098524277147646e-07,1.101958664317948e-06,6.44796363868938e-06,0.004790038001226355,0.004790038001226355,0.004963223183324013,0.06133685491789026,1.2468595805475465e-05,1.2468595805475465e-05,1.772796899006968e-05,2.5396019517326427e-05
0,56.0,0.0,0.0,3.0,-0.2,9.999994999843054e-07,6.999975500021627e-06,1.3999902000461084e-05,2.9999550004489173e-05,1.1337509819853153e-09,1.0315639120683784e-07,5.143968181409164e-07,3.0099284245022062e-06,0.004897792192231336,0.004897792192231336,0.003959918814290137,0.0517050506013631,1.2468595805475465e-05,1.2468595805475465e-05,1.772796899006968e-05,2.5396019517326427e-05
0,55.0,0.0,0.0,1.5,-0.5,9.999994999843054e-07,6.999975500021627e-06,1.3999902000461084e-05,2.9999550004489173e-05,1.0957421636703657e-09,9.969809788845652e-08,4.971517912899515e-07,2.90902143584848e-06,0.006540032600479147,0.006540032600479147,0.004510551453714642,0.06284080958454824,1.2468595805475465e-05,1.2468595805475465e-05,1.772796899006968e-05,2.5396019517326427e-05
0,48.0,0.0,0.0,3.25,-0.1759154295610259,9.999994999843054e-07,6.999975500021627e-06,1.3999902000461084e-05,2.9999550004489173e-05,9.113339416444433e-09,8.291934617821184e-07,4.134827286894627e-06,2.4194210472505695e-05,0.008068779225485677,0.008068779225485677,0.010044401433690755,0.12250402219296279,1.2468595805475465e-05,1.2468595805475465e-05,1.772796899006968e-05,2.5396019517326427e-05
0,61.0,0.0,0.0,1.0,0.0,9.999994999843054e-07,6.999975500021627e-06,1.3999902000461084e-05,2.9999550004489173e-05,3.994228281456458e-10,3.634220979709113e-08,1.8122308620416305e-07,1.0604050023621525e-06,0.0030431699815778317,0.0030431699815778317,0.0021902951067988992,0.027731434760380945,1.2468595805475465e-05,1.2468595805475465e-05,1.772796899006968e-05,2.5396019517326427e-05
0,1.0,1.0,3.0,9.285714285714286,-0.09192746668873276,0.09516258196404048,0.5034146962085906,0.7534030360583935,0.950212931632136,0.003450788580962705,0.26986021307606955,0.7916161505114605,0.999896625472808,0.8151398159938262,0.8151398159938262,0.9429893844098861,0.9931074266933781,0.9999694131007107,0.9999694131007107,0.9999740641249462,0.9999816962296509
0,1.0,1.0,3.0,9.692307692307692,-0.38326033958886446,0.09516258196404048,0.5034146962085906,0.7534030360583935,0.950212931632136,0.0025182774009538944,0.20500468180712328,0.6814624664027991,0.9987617650643624,0.8460839263972585,0.8460839263972585,0.943646109887524,0.99365880054381,0.9999694131007107,0.9999694131007107,0.9999740641249462,0.9999816962296509
0,13.0,0.0,1.0,10.363636363636363,0.00400739203935014,0.0327838995179941,0.20811043366321835,0.37291091472694393,0.6321205588285577,0.00010474216691358507,0.009485383438588957,0.04641366949961845,0.24277040628975577,0.06807852537484453,0.06807852537484453,0.42091933376548757,0.9246506366406433,1.2468595805475465e-05,1.2468595805475465e-05,0.9999740641249462,0.9999816962296509
0,7.0,0.0,3.0,8.636363636363637,-0.09940784495074884,0.09516258196404048,0.5034146962085906,0.7534030360583935,0.950212931632136,0.0007570597646807675,0.06658796374818488,0.2907998901893434,0.8660967129841097,0.11401543130302796,0.11401543130302796,0.6784467410873218,0.9825563839919556,1.2468595805475465e-05,1.2468595805475465e-05,0.9999740641249462,0.9999816962296509
0,1.0,1.0,2.0,14.222222222222221,-0.04513500754153088,0.06449301496838222,0.37291091472694393,0.6067592791314018,0.8646647167633873,0.0025817480298474527,0.20959421087291175,0.6905274876993497,0.9989542320874493,0.8025326424263495,0.8025326424263495,0.9323390619731178,0.9896553667353382,0.9999694131007107,0.9999694131007107,0.9999740641249462,0.9999816962296509
0,44.0,0.0,0.0,22.25,-0.16560586468879057,9.999994999843054e-07,6.999975500021627e-06,1.3999902000461084e-05,2.9999550004489173e-05,1.8658098510648813e-08,1.6976396894907708e-06,8.465376396871171e-06,4.953313224609346e-05,0.010490097881877715,0.010490097881877715,0.01582192481576703,0.17974592937572037,1.2468595805475465e-05,1.2468595805475465e-05,1.772796899006968e-05,2.5396019517326427e-05
0,37.0,0.0,0.0,11.0,-0.003467448069334686,9.999994999843054e-07,6.999975500021627e-06,1.3999902000461084e-05,2.9999550004489173e-05,1.633755128960246e-07,1.4864909697043238e-05,7.412276808693719e-05,0.00043364264115364204,0.014467263972581511,0.014467263972581511,0.035175486227340146,0.32645424569768294,1.2468595805475465e-05,1.2468595805475465e-05,1.772796899006968e-05,2.5396019517326427e-05
0,12.0,0.0,3.0,14.8,-0.006568275957417417,0.09516258196404048,0.5034146962085906,0.7534030360583935,0.950212931632136,0.00020704835387519438,0.0186642474536427,0.08967185789329335,0.4228991189617035,0.08004198046100645,0.08004198046100645,0.538343198662001,0.9678828944782732,1.2468595805475465e-05,1.2468595805475465e-05,0.9999740641249462,0.9999816962296509
0,22.0,0.0,2.0,19.0,0.12024132040585978,0.06449301496838222,0.37291091472694393,0.6067592791314018,0.8646647167633873,1.2950190309557463e-05,0.0011776103827243478,0.005858472846953844,0.033796659986230826,0.0378748974564459,0.0378748974564459,0.23065286165863533,0.8568716842215282,1.2468595805475465e-05,1.2468595805475465e-05,1.772796899006968e-05,0.9999816962296509
0,11.0,0.0,3.0,8.76923076923077,-0.1309446962936662,0.09516258196404048,0.5034146962085906,0.7534030360583935,0.950212931632136,0.00026047823348118726,0.023424460531519697,0.11147955428286804,0.49923552764712276,0.09223315869439234,0.09223315869439234,0.5692774077291518,0.972520966171752,1.2468595805475465e-05,1.2468595805475465e-05,0.9999740641249462,0.9999816962296509
0,12.0,0.0,3.0,6.8,-0.011505947813146872,0.09516258196404048,0.5034146962085906,0.7534030360583935,0.950212931632136,0.0002362564549397428,0.021269312914597216,0.10165865569412957,0.465967383191646,0.07993111409532108,0.07993111409532108,0.5392697790203779,0.9681859469297913,1.2468595805475465e-05,1.2468595805475465e-05,0.9999740641249462,0.9999816962296509
0,15.0,0.0,4.0,8.928571428571429,-0.07482285427811129,0.12482668095705252,0.6067592791314018,0.8453617354507452,0.9816843611112658,0.00012688098301150141,0.011478839642042882,0.0559452701663774,0.2859988522531959,0.073116370200037,0.073116370200037,0.4964653936269193,0.9697381541821561,1.2468595805475465e-05,1.2468595805475465e-05,1.772796899006968e-05,0.9999816962296509
0,14.0,0.0,2.0,8.076923076923077,0.04388374400183697,0.06449301496838222,0.37291091472694393,0.6067592791314018,0.8646647167633873,0.00011335570553394625,0.010261448567832732,0.05013348386753691,0.25989179524229733,0.06514048392683537,0.06514048392683537,0.435732432326961,0.9410603453709856,1.2468595805475465e-05,1.2468595805475465e-05,1.772796899006968e-05,0.9999816962296509
0,20.0,0.0,1.0,13.0,-0.1276411488273762,0.0327838995179941,0.20811043366321835,0.37291091472694393,0.6321205588285577,1.4322022261148426e-05,0.001302275946276299,0.006477059615995873,0.037309221285300675,0.04876469712233965,0.04876469712233965,0.2431786736109727,0.8473096133723784,1.2468595805475465e-05,1.2468595805475465e-05,1.772796899006968e-05,0.9999816962296509
0,28.0,0.0,1.0,9.181818181818182,-0.09807780573047313,0.0327838995179941,0.20811043366321835,0.37291091472694393,0.6321205588285577,2.0049285186507504e-06,0.0001824056223621584,0.0009092483870655199,0.005308638804984223,0.028859080448313836,0.028859080448313836,0.11175131118389452,0.6817159500144647,1.2468595805475465e-05,1.2468595805475465e-05,1.772796899006968e-05,0.9999816962296509
0,1.0,1.0,4.0,8.692307692307692,-0.301618192272451,0.12482668095705252,0.6067592791314018,0.8453617354507452,0.9816843611112658,0.003604197386154806,0.28001641499549956,0.8056750176069812,0.9999313074854063,0.8443924717319782,0.8443924717319782,0.9522798651843781,0.9956034415801416,0.9999694131007107,0.9999694131007107,0.9999740641249462,0.9999816962296509
0,30.0,0.0,0.0,9.222222222222221,-0.052814377362736024,9.999994999843054e-07,6.999975500021627e-06,1.3999902000461084e-05,2.9999550004489173e-05,9.720425367953922e-07,8.843919481216211e-05,0.00044093080665386086,0.0025772965313438645,0.02343593159900151,0.02343593159900151,0.07671062722739141,0.5301809728279142,1.2468595805475465e-05,1.2468595805475465e-05,1.772796899006968e-05,2.5396019517326427e-05
0,35.0,0.0,0.0,8.727272727272727,-0.07828244661676158,9.999994999843054e-07,6.999975500021627e-06,1.3999902000461084e-05,2.9999550004489173e-05,2.628410569194273e-07,2.3914790053258805e-05,0.00011924717316780242,0.0006975589377797853,0.017359116033082093,0.017359116033082093,0.04423978404717415,0.38618601005094055,1.2468595805475465e-05,1.2468595805475465e-05,1.772796899006968e-05,2.5396019517326427e-05
0,15.0,0.0,2.0,8.666666666666666,-0.14495863670476536,0.06449301496838222,0.37291091472694393,0.6067592791314018,0.8646647167633873,7.099285736333893e-05,0.006438825236939727,0.03169822460244098,0.1717843566047489,0.07005819747840411,0.07005819747840411,0.4090389904089492,0.9373873706537474,1.2468595805475465e-05,1.2468595805475465e-05,1.772796899006968e-05,0.9999816962296509
0,34.0,0.0,0.0,11.555555555555555,0.03241621519432062,9.999994999843054e-07,6.999975500021627e-06,1.3999902000461084e-05,2.9999550004489173e-05,3.6436088168834146e-07,3.315149578275722e-05,0.00016530144591975215,0.000966854119470284,0.017075589279128844,0.017075589279128844,0.049190946405682306,0.40613752410223125,1.2468595805475465e-05,1.2468595805475465e-05,1.772796899006968e-05,2.5396019517326427e-05
0,2.0,1.0,5.0,9.384615384615385,-0.1083204154105609,0.15351827510938587,0.6885967760854023,0.9030280321355949,0.9932620530009145,0.0043585247174846575,0.3279584199887249,0.8621844599540528,0.9999908017523071,0.822008387614421,0.822008387614421,0.954615316851262,0.9964533584299118,0.9999694131007107,0.9999694131007107,0.9999740641249462,0.9999816962296509
0,2.0,2.0,5.0,7.055555555555555,-0.07072473143063557,0.15351827510938587,0.6885967760854023,0.9030280321355949,0.9932620530009145,0.004599789210741445,0.3426151896798778,0.8765348541149438,0.9999951663045681,0.9905204393034577,0.9905204393034577,0.9878929385967866,0.9971603842804816,0.9999694131007107,0.9999694131007107,0.9999740641249462,0.9999816962296509
0,27.0,0.0,3.0,7.25,0.010668397945948458,0.09516258196404048,0.5034146962085906,0.7534030360583935,0.950212931632136,5.016297507154377e-06,0.00045631397817302854,0.0022733744564963354,0.013229239633327117,0.031201560118432885,0.031201560118432885,0.167617931697424,0.836473317164701,1.2468595805475465e-05,1.2468595805475465e-05,1.772796899006968e-05,0.9999816962296509
0,6.0,1.0,3.0,9.076923076923077,-0.09187098127319639,0.09516258196404048,0.5034146962085906,0.7534030360583935,0.950212931632136,0.0009551613859366537,0.08327581539325757,0.3518128045284652,0.9208980070158779,0.761023718002557,0.761023718002557,0.901997592810843,0.987610766069384,0.9999694131007107,0.9999694131007107,0.9999740641249462,0.9999816962296509
0,2.0,1.0,3.0,14.714285714285714,-0.3353729320620888,0.09516258196404048,0.5034146962085906,0.7534030360583935,0.950212931632136,0.001878740929354028,0.1572639243441345,0.573954844466037,0.993211037260864,0.8328902134713331,0.8328902134713331,0.9368248951622526,0.9927305769149232,0.9999694131007107,0.9999694131007107,0.9999740641249462,0.9999816962296509
0,1.0,2.0,4.0,10.333333333333334,-0.0840752514185798,0.12482668095705252,0.6067592791314018,0.8453617354507452,0.9816843611112658,0.004298308237867365,0.32425016707179577,0.8583504763120542,0.9999891997056642,0.9907785335703035,0.9907785335703035,0.9871276111587038,0.9962763244253015,0.9999694131007107,0.9999694131007107,0.9999740641249462,0.9999816962296509
0,1.0,1.0,5.0,12.090909090909092,-0.1300796491772104,0.15351827510938587,0.6885967760854023,0.9030280321355949,0.9932620530009145,0.005259814977540689,0.3811156722042909,0.9086212135637524,0.9999991691749096,0.8338673258375884,0.8338673258375884,0.959423050507417,0.9968590978420602,0.9999694131007107,0.9999694131007107,0.9999740641249462,0.9999816962296509
0,9.0,0.0,3.0,7.4,-0.17700431542070158,0.09516258196404048,0.5034146962085906,0.7534030360583935,0.950212931632136,0.00042534093315438337,0.03796904705674897,0.1755374366783813,0.6767904642504583,0.10691561774982009,0.10691561774982009,0.6262097594373544,0.9785025866684195,1.2468595805475465e-05,1.2468595805475465e-05,0.9999740641249462,0.9999816962296509
0,8.0,0.0,4.0,5.823529411764706,-0.24229746897728385,0.12482668095705252,0.6067592791314018,0.8453617354507452,0.9816843611112658,0.0006812897718524447,0.06012605888043954,0.2659770744025707,0.836237017231885,0.12348417087705926,0.12348417087705926,0.6932147775419619,0.987230794370615,1.2468595805475465e-05,1.2468595805475465e-05,0.9999740641249462,0.9999816962296509
0,5.0,2.0,4.0,7.066666666666666,0.03420248438594751,0.12482668095705252,0.6067592791314018,0.8453617354507452,0.9816843611112658,0.0018390379160687642,0.1542083859389154,0.5661960776666847,0.9924548889297714,0.9869418830813167,0.9869418830813167,0.9795089318795952,0.9938477887378606,0.9999694131007107,0.9999694131007107,0.9999740641249462,0.9999816962296509
0,15.0,0.0,2.0,7.444444444444445,0.03257644827730803,0.06449301496838222,0.37291091472694393,0.6067592791314018,0.8646647167633873,8.749163698673623e-05,0.007929330085877706,0.03892015132520721,0.20728133449246144,0.06175858159760709,0.06175858159760709,0.40733439982757647,0.9343799205695168,1.2468595805475465e-05,1.2468595805475465e-05,1.772796899006968e-05,0.9999816962296509
0,41.0,0.0,0.0,8.909090909090908,-0.249555675547763,9.999994999843054e-07,6.999975500021627e-06,1.3999902000461084e-05,2.9999550004489173e-05,4.651665552746209e-08,4.232393876590912e-06,2.1104964983975627e-05,0.00012348688606578229,0.013427956982166039,0.013427956982166039,0.022550680523454762,0.24517150981900118,1.2468595805475465e-05,1.2468595805475465e-05,1.772796899006968e-05,2.5396019517326427e-05
0,23.0,0.0,3.0,7.25,-0.060891605784403544,0.09516258196404048,0.5034146962085906,0.7534030360583935,0.950212931632136,1.304494867837569e-05,0.0011862220674411228,0.005901213664658456,0.03403969916620386,0.042237947669110563,0.042237947669110563,0.24406628414934328,0.8934663089353593,1.2468595805475465e-05,1.2468595805475465e-05,1.772796899006968e-05,0.9999816962296509
0,2.0,1.0,3.0,9.363636363636363,-0.02907257455240208,0.09516258196404048,0.5034146962085906,0.7534030360583935,0.950212931632136,0.0028469795669949782,0.2284910962154424,0.7257053528939184,0.9994838271916282,0.7975820465351394,0.7975820465351394,0.936185748250291,0.9921056780485166,0.9999694131007107,0.9999694131007107,0.9999740641249462,0.9999816962296509
0,6.0,1.0,4.0,11.8,-0.27022534452140784,0.12482668095705252,0.6067592791314018,0.8453617354507452,0.9816843611112658,0.0009743277240331638,0.08487462420352654,0.3574304035665953,0.9248260112304545,0.793197633710474,0.793197633710474,0.9171705081792099,0.99198229041133,0.9999694131007107,0.9999694131007107,0.9999740641249462,0.9999816962296509
0,37.0,0.0,0.0,507.0,0.0,9.999994999843054e-07,6.999975500021627e-06,1.3999902000461084e-05,2.9999550004489173e-05,3.3132385723888547e-11,3.0146146690057662e-09,1.5032597167063955e-08,8.796146244716141e-08,0.019857141052291787,0.019857141052291787,0.028475141414348554,0.22376868266816188,1.2468595805475465e-05,1.2468595805475465e-05,1.772796899006968e-05,2.5396019517326427e-05
0,16.0,0.0,1.0,90.0,0.0,0.0327838995179941,0.20811043366321835,0.37291091472694393,0.6321205588285577,1.227823823013452e-05,0.0011165409579118046,0.005555335861794353,0.032071462107676973,0.05971608736235964,0.05971608736235964,0.33056795719940474,0.8879429937135564,1.2468595805475465e-05,1.2468595805475465e-05,1.772796899006968e-05,0.9999816962296509
0,1.0,1.0,1.0,507.0,0.0,0.0327838995179941,0.20811043366321835,0.37291091472694393,0.6321205588285577,4.484995949072257e-07,4.080673005557589e-05,0.00020346920686986625,0.0011899885547951294,0.83771567472857,0.83771567472857,0.9025711820267753,0.9744646821290353,0.9999694131007107,0.9999694131007107,0.9999740641249462,0.9999816962296509
0,61.0,0.0,0.0,1.5,-0.5,9.999994999843054e-07,6.999975500021627e-06,1.3999902000461084e-05,2.9999550004489173e-05,2.3321122810671113e-10,2.121915321229295e-08,1.0581086185013078e-07,6.191395927057641e-07,0.004435860545524014,0.004435860545524014,0.002237045638488443,0.03189747801894086,1.2468595805475465e-05,1.2468595805475465e-05,1.772796899006968e-05,2.5396019517326427e-05
0,66.0,0.0,0.0,507.0,0.0,9.999994999843054e-07,6.999975500021627e-06,1.3999902000461084e-05,2.9999550004489173e-05,1.8762769116165146e-14,1.7038592758922277e-12,8.496314762851398e-12,4.971545397580712e-11,0.003061573213030873,0.003061573213030873,0.0009767518981841819,0.00920990178527825,1.2468595805475465e-05,1.2468595805475465e-05,1.772796899006968e-05,2.5396019517326427e-05
0,65.0,0.0,0.0,507.0,0.0,9.999994999843054e-07,6.999975500021627e-06,1.3999902000461084e-05,2.9999550004489173e-05,2.4202861936828413e-14,2.205124971510486e-12,1.0995759858190013e-11,6.434053290149677e-11,0.0032666963441869167,0.0032666963441869167,0.0010981350284496847,0.010355823720389592,1.2468595805475465e-05,1.2468595805475465e-05,1.772796899006968e-05,2.5396019517326427e-05
0,8.0,0.0,3.0,6.842105263157895,-0.0697835617445374,0.09516258196404048,0.5034146962085906,0.7534030360583935,0.950212931632136,0.000622523557479826,0.055083843528262566,0.2461294869255073,0.8085671456984773,0.10536491113946136,0.10536491113946136,0.6522416279701101,0.9802771012135629,1.2468595805475465e-05,1.2468595805475465e-05,0.9999740641249462,0.9999816962296509
0,5.0,1.0,9.0,4.125,0.13237477585997406,0.2591817793182821,0.8775435717470181,0.9850044231795223,0.9998765901959134,0.007874916279735134,0.5129311353427868,0.9723212534107776,0.999999999233691,0.7936715418801065,0.7936715418801065,0.9677111240769944,0.998867173470709,0.9999694131007107,0.9999694131007107,0.9999740641249462,0.9999816962296509
0,2.0,2.0,7.0,4.482758620689655,-0.10055239319131756,0.20811043366321835,0.8047224371643142,0.9618666734529548,0.9990881180344455,0.007751464020262833,0.5073857068959613,0.9707137607410142,0.9999999989337395,0.9915809801293851,0.9915809801293851,0.9915164665172129,0.9987130085798264,0.9999694131007107,0.9999694131007107,0.9999740641249462,0.9999816962296509
0,23.0,0.0,4.0,4.222222222222222,0.0224981545479988,0.12482668095705252,0.6067592791314018,0.8453617354507452,0.9816843611112658,1.9377170662138177e-05,0.0017615309702749826,0.008753214936330522,0.05014304762079114,0.04161218043200546,0.04161218043200546,0.2780226092914753,0.9238934469121556,1.2468595805475465e-05,1.2468595805475465e-05,1.772796899006968e-05,0.9999816962296509
0,15.0,0.0,3.0,5.173913043478261,-0.027609420976632656,0.09516258196404048,0.5034146962085906,0.7534030360583935,0.950212931632136,0.00011018881476576592,0.009976187043964746,0.04876752690699915,0.25364232532425524,0.06739911146265089,0.06739911146265089,0.4519078375737706,0.9554937104266993,1.2468595805475465e-05,1.2468595805475465e-05,1.772796899006968e-05,0.9999816962296509
1,0.0,3.0,10.0,4.366666666666666,0.08146504365720053,0.28346868942621073,0.9030280321355949,0.9905964374485048,0.9999546000702375,0.032665458375041756,0.9512842525343719,0.9999997142627277,1.0,0.9996837240058082,0.9996837240058082,0.9989723973786319,0.9997367940584215,0.9999694131007107,0.9999694131007107,0.9999740641249462,0.9999816962296509
0,2.0,1.0,4.0,4.28125,-0.03471018224837165,0.12482668095705252,0.6067592791314018,0.8453617354507452,0.9816843611112658,0.0039842339107765135,0.30457831733021934,0.8365596830336601,0.999975050358211,0.8055908423848077,0.8055908423848077,0.9461791607119988,0.9946825366683553,0.9999694131007107,0.9999694131007107,0.9999740641249462,0.9999816962296509
0,4.0,1.0,1.0,28.0,-0.3990295735667904,0.0327838995179941,0.20811043366321835,0.37291091472694393,0.6321205588285577,0.0005012500975183354,0.04459370416310726,0.20346200024578565,0.7358068779887486,0.807538232569889,0.807538232569889,0.8911009422805105,0.9802156099764753,0.9999694131007107,0.9999694131007107,0.9999740641249462,0.9999816962296509
0,3.0,1.0,2.0,8.0,0.0,0.06449301496838222,0.37291091472694393,0.6067592791314018,0.8646647167633873,0.0017997129069309281,0.15117113839704555,0.5583722164964089,0.991622982807558,0.7745005206799948,0.7745005206799948,0.9160214225246371,0.9868418831106331,0.9999694131007107,0.9999694131007107,0.9999740641249462,0.9999816962296509
0,10.0,0.0,3.0,8.0,-0.1520869576989648,0.09516258196404048,0.5034146962085906,0.7534030360583935,0.950212931632136,0.0003340062784505937,0.029937956070458238,0.14064066872534386,0.5880622376573155,0.09920078145578287,0.09920078145578287,0.5980636817686446,0.9756796649617934,1.2468595805475465e-05,1.2468595805475465e-05,0.9999740641249462,0.9999816962296509
0,24.0,0.0,1.0,62.0,0.0,0.0327838995179941,0.20811043366321835,0.37291091472694393,0.6321205588285577,2.522058416665196e-06,0.0002294480463550519,0.0011436363730452648,0.006673316368167925,0.03573060305607631,0.03573060305607631,0.16364342338312246,0.7598316975780544,1.2468595805475465e-05,1.2468595805475465e-05,1.772796899006968e-05,0.9999816962296509
1,0.0,5.0,24.0,1.1304347826086956,-0.43267935555908055,0.5506710358827784,0.996302136283517,0.9999863258039343,0.9999999999622486,0.4991518739890646,1.0,1.0,1.0,0.9999998020141571,0.9999998020141571,0.9999945166906528,0.9999994014092438,0.9999694131007107,0.9999694131007107,0.9999740641249462,0.9999816962296509
0,120.0,0.0,0.0,13.0,0.0,9.999994999843054e-07,6.999975500021627e-06,1.3999902000461084e-05,2.9999550004489173e-05,1.1102230246251565e-16,7.327471962526033e-15,3.6415315207705135e-14,2.1305179842556754e-13,6.623355364872698e-05,6.623355364872698e-05,2.160884784688387e-06,2.6015028200849192e-05,1.2468595805475465e-05,1.2468595805475465e-05,1.772796899006968e-05,2.5396019517326427e-05
0,13.0,0.0,17.0,1.0,-1.0,0.43258633120299617,0.9810635504520585,0.9996414108785183,0.9999999586006229,0.0025274669414868667,0.20567080095405132,0.6827911599973256,0.9987916830806549,0.2548223331825975,0.2548223331825975,0.9297848296107475,0.9998838498483112,1.2468595805475465e-05,1.2468595805475465e-05,0.9999740641249462,0.9999816962296509
0,69.0,0.0,0.0,507.0,0.0,9.999994999843054e-07,6.999975500021627e-06,1.3999902000461084e-05,2.9999550004489173e-05,8.659739592076221e-15,7.860379014346108e-13,3.919753410741578e-12,2.293565337652126e-11,0.002520112970742401,0.002520112970742401,0.0006872857297410458,0.006473750881180209,1.2468595805475465e-05,1.2468595805475465e-05,1.772796899006968e-05,2.5396019517326427e-05
0,26.0,0.0,1.0,507.0,0.0,0.0327838995179941,0.20811043366321835,0.37291091472694393,0.6321205588285577,7.296623305563799e-10,6.638965377447903e-08,3.310568423842142e-07,1.937138427221541e-06,0.04172277126295017,0.04172277126295017,0.11289093696824132,0.6105573727804319,1.2468595805475465e-05,1.2468595805475465e-05,1.772796899006968e-05,0.9999816962296509
0,12.0,0.0,3.0,8.333333333333334,-0.15465427280635755,0.09516258196404048,0.5034146962085906,0.7534030360583935,0.950212931632136,0.0001977581115351068,0.017834215747581594,0.08582585635658913,0.40848547786274614,0.08833872048910013,0.08833872048910013,0.5406232535021847,0.9693906503245208,1.2468595805475465e-05,1.2468595805475465e-05,0.9999740641249462,0.9999816962296509
0,1.0,2.0,6.0,4.290322580645161,-0.12131763459604905,0.18126924692201818,0.7534030360583935,0.9391899373747821,0.9975212478233336,0.007626813477186856,0.5017231030686677,0.9689961467288072,0.9999999985116772,0.9918374553899109,0.9918374553899109,0.9909945648510454,0.998321216718539,0.9999694131007107,0.9999694131007107,0.9999740641249462,0.9999816962296509
0,35.0,0.0,0.0,36.0,0.0,9.999994999843054e-07,6.999975500021627e-06,1.3999902000461084e-05,2.9999550004489173e-05,1.788758997589568e-07,1.627521894387307e-05,8.115494225402475e-05,0.0004747750808101747,0.016668386788058362,0.016668386788058362,0.04359567842929741,0.37412670447744084,1.2468595805475465e-05,1.2468595805475465e-05,1.772796899006968e-05,2.5396019517326427e-05
0,1.0,4.0,9.0,1.75,-0.23251382634768564,0.2591817793182821,0.8775435717470181,0.9850044231795223,0.9998765901959134,0.014424140023546195,0.7333888013266132,0.9986288012886376,1.0,0.9999879772720097,0.9999879772720097,0.9996490792786014,0.9996836137668048,0.9999694131007107,0.9999694131007107,0.9999740641249462,0.9999816962296509
0,63.0,0.0,0.0,8.0,0.0,9.999994999843054e-07,6.999975500021627e-06,1.3999902000461084e-05,2.9999550004489173e-05,2.1149793028030217e-10,1.9243520776868195e-08,9.595922634275666e-08,5.614939397879937e-07,0.0026851330536424153,0.0026851330536424153,0.0017279001003233053,0.021854786992711702,1.2468595805475465e-05,1.2468595805475465e-05,1.772796899006968e-05,2.5396019517326427e-05
0,55.0,0.0,0.0,507.0,0.0,9.999994999843054e-07,6.999975500021627e-06,1.3999902000461084e-05,2.9999550004489173e-05,3.1941116418465754e-13,2.906397345014966e-11,1.4492973487989502e-10,8.480391944232224e-10,0.006242307200282004,0.006242307200282004,0.0035386360987545284,0.033069172559600034,1.2468595805475465e-05,1.2468595805475465e-05,1.772796899006968e-05,2.5396019517326427e-05
0,70.0,0.0,0.0,507.0,0.0,9.999994999843054e-07,6.999975500021627e-06,1.3999902000461084e-05,2.9999550004489173e-05,6.661338147750939e-15,6.074030167724231e-13,3.028688411177427e-12,1.772226809748645e-11,0.0023617583893636718,0.0023617583893636718,0.000611288325351511,0.005754901061917235,1.2468595805475465e-05,1.2468595805475465e-05,1.772796899006968e-05,2.5396019517326427e-05
0,15.0,0.0,3.0,12.3,0.055329109622379635,0.09516258196404048,0.5034146962085906,0.7534030360583935,0.950212931632136,0.00010646418603454944,0.009640582539538811,0.04715849564561492,0.2462246909091399,0.06384259448627305,0.06384259448627305,0.4502536128877138,0.9541362805048089,1.2468595805475465e-05,1.2468595805475465e-05,1.772796899006968e-05,0.9999816962296509
0,1.0,2.0,10.0,3.325,-0.08795950339880927,0.28346868942621073,0.9030280321355949,0.9905964374485048,0.9999546000702375,0.0221542703949833,0.8697644771097641,0.9999614935573669,1.0,0.9931175319791007,0.9931175319791007,0.9955646799781123,0.9996448224394543,0.9999694131007107,0.9999694131007107,0.9999740641249462,0.9999816962296509
0,1.0,3.0,6.0,4.4,-0.11412556112595698,0.18126924692201818,0.7534030360583935,0.9391899373747821,0.9975212478233336,0.007476160110357344,0.49479327033645293,0.9667855538785185,0.9999999977730021,0.9996452197398024,0.9996452197398024,0.9976634967747234,0.9986647508953331,0.9999694131007107,0.9999694131007107,0.9999740641249462,0.9999816962296509
0,16.0,0.0,5.0,6.15,-0.09700355529052107,0.15351827510938587,0.6885967760854023,0.9030280321355949,0.9932620530009145,0.0001296707896152327,0.011729761884124779,0.05713962355182178,0.29126824256256223,0.07307005629472625,0.07307005629472625,0.5123056073129212,0.9769964431393303,1.2468595805475465e-05,1.2468595805475465e-05,1.772796899006968e-05,0.9999816962296509
0,65.0,0.0,0.0,507.0,0.0,9.999994999843054e-07,6.999975500021627e-06,1.3999902000461084e-05,2.9999550004489173e-05,2.4202861936828413e-14,2.205124971510486e-12,1.0995759858190013e-11,6.434053290149677e-11,0.0032666963441869167,0.0032666963441869167,0.0010981350284496847,0.010355823720389592,1.2468595805475465e-05,1.2468595805475465e-05,1.772796899006968e-05,2.5396019517326427e-05
0,9.0,0.0,5.0,8.88888888888889,-0.027551395690826565,0.15351827510938587,0.6885967760854023,0.9030280321355949,0.9932620530009145,0.0008094457507520358,0.071029895706472,0.3074704405716352,0.8834952421231764,0.10566899386454395,0.10566899386454395,0.7038833895044347,0.9895933611342675,1.2468595805475465e-05,1.2468595805475465e-05,0.9999740641249462,0.9999816962296509
1,0.0,2.0,2.0,1.0,0.0,0.06449301496838222,0.37291091472694393,0.6067592791314018,0.8646647167633873,0.004281486968304438,0.32321066794398345,0.857260574995832,0.9999887042827129,0.989783707714021,0.989783707714021,0.9837065405011607,0.9926928169914134,0.9999694131007107,0.9999694131007107,0.9999740641249462,0.9999816962296509
0,1.0,2.0,9.0,5.56,0.39174767837996405,0.2591817793182821,0.8775435717470181,0.9850044231795223,0.9998765901959134,0.027373748104218776,0.9199716846921433,0.9999966041851682,1.0,0.9896601039618691,0.9896601039618691,0.9945882218871568,0.999395499955771,0.9999694131007107,0.9999694131007107,0.9999740641249462,0.9999816962296509
0,1.0,1.0,1.0,507.0,0.0,0.0327838995179941,0.20811043366321835,0.37291091472694393,0.6321205588285577,4.484995949072257e-07,4.080673005557589e-05,0.00020346920686986625,0.0011899885547951294,0.83771567472857,0.83771567472857,0.9025711820267753,0.9744646821290353,0.9999694131007107,0.9999694131007107,0.9999740641249462,0.9999816962296509
0,1.0,2.0,8.0,6.571428571428571,-0.04050564754422041,0.2340716616353513,0.8453617354507452,0.9760870071371947,0.9996645373720975,0.013279105708198125,0.7036806275264852,0.9976778372500108,0.9999999999999997,0.9921493437110394,0.9921493437110394,0.9936525671191627,0.9992108874341478,0.9999694131007107,0.9999694131007107,0.9999740641249462,0.9999816962296509
0,85.0,0.0,0.0,507.0,0.0,9.999994999843054e-07,6.999975500021627e-06,1.3999902000461084e-05,2.9999550004489173e-05,1.1102230246251565e-16,1.2656542480726785e-14,6.328271240363392e-14,3.703704010149522e-13,0.0008914003905842202,0.0008914003905842202,0.00010534213898970318,0.0009786685793866992,1.2468595805475465e-05,1.2468595805475465e-05,1.772796899006968e-05,2.5396019517326427e-05
0,120.0,0.0,0.0,507.0,0.0,9.999994999843054e-07,6.999975500021627e-06,1.3999902000461084e-05,2.9999550004489173e-05,0.0,0.0,0.0,0.0,9.152683442420205e-05,9.152683442420205e-05,1.7389949278611756e-06,1.5521222759521064e-05,1.2468595805475465e-05,1.2468595805475465e-05,1.772796899006968e-05,2.5396019517326427e-05
0,7.0,0.0,1.0,9.6,0.12288047937290011,0.0327838995179941,0.20811043366321835,0.37291091472694393,0.6321205588285577,0.0005653797672042771,0.05015518159875254,0.22631649689512612,0.7771864816896891,0.08975803289652133,0.08975803289652133,0.5938236996737042,0.9602361578841491,1.2468595805475465e-05,1.2468595805475465e-05,0.9999740641249462,0.9999816962296509
0,2.0,1.0,4.0,8.909090909090908,-0.02534172081297295,0.12482668095705252,0.6067592791314018,0.8453617354507452,0.9816843611112658,0.003717410561709711,0.28742180196667255,0.8154395667958012,0.9999491961336625,0.8049557320324177,0.8049557320324177,0.9460549964916837,0.9946424480182231,0.9999694131007107,0.9999694131007107,0.9999740641249462,0.9999816962296509
1,0.0,1.0,1.0,37.333333333333336,0.0725786659175385,0.0327838995179941,0.20811043366321835,0.37291091472694393,0.6321205588285577,0.0019728203596292015,0.16446074859559,0.5917915432894197,0.9947140627622748,0.7931460137852305,0.7931460137852305,0.9273575730781112,0.9856602100330834,0.9999694131007107,0.9999694131007107,0.9999740641249462,0.9999816962296509
1,0.0,5.0,15.0,2.2295081967213113,-0.18271811766884194,0.3934693402873666,0.9698026165776815,0.9990881180344455,0.9999996940976795,0.08490180726056962,0.9996880620571708,1.0,1.0,0.9999996271244207,0.9999996271244207,0.9999723677545298,0.9999782962197634,0.9999694131007107,0.9999694131007107,0.9999740641249462,0.9999816962296509
