observation,last_observed
Observation_0000,2025-01-11 12:42:37.962625
Observation_0001,2023-07-21 12:42:37.962625
Observation_0002,2023-04-23 12:42:37.962625
Observation_0003,2024-01-04 12:42:37.962625
Observation_0004,2023-12-04 12:42:37.962625
Observation_0005,2023-11-12 12:42:37.962625
Observation_0006,2023-08-18 12:42:37.962625
Observation_0007,2023-07-11 12:42:37.962625
Observation_0008,2025-02-18 12:42:37.962625
Observation_0009,2024-10-07 12:42:37.962625
Observation_0010,2023-06-26 12:42:37.962625
Observation_0011,2024-11-22 12:42:37.962625
Observation_0012,2024-06-03 12:42:37.962625
Observation_0013,2023-04-30 12:42:37.962625
Observation_0014,2023-04-28 12:42:37.962625
Observation_0015,2023-07-02 12:42:37.962625
Observation_0016,2023-11-07 12:42:37.962625
Observation_0017,2023-11-22 12:42:37.962625
Observation_0018,2024-08-27 12:42:37.962625
Observation_0019,2024-12-04 12:42:37.962625
Observation_0020,2023-04-25 12:42:37.962625
Observation_0021,2024-10-23 12:42:37.962625
Observation_0022,2023-10-18 12:42:37.962625
Observation_0023,2025-01-22 12:42:37.962625
Observation_0024,2025-03-16 12:42:37.962625
Observation_0025,2024-10-07 12:42:37.962625
Observation_0026,2024-05-31 12:42:37.962625
Observation_0027,2023-11-09 12:42:37.962625
Observation_0028,2024-06-30 12:42:37.962625
Observation_0029,2024-11-21 12:42:37.962625
Observation_0030,2024-01-07 12:42:37.962625
Observation_0031,2023-04-04 12:42:37.962625
Observation_0032,2023-09-08 12:42:37.962625
Observation_0033,2025-03-12 12:42:37.962625
Observation_0034,2024-06-03 12:42:37.962625
Observation_0035,2024-03-11 12:42:37.962625
Observation_0036,2024-01-07 12:42:37.962625
Observation_0037,2023-09-04 12:42:37.962625
Observation_0038,2023-11-04 12:42:37.962625
Observation_0039,2024-03-07 12:42:37.962625
Observation_0040,2023-07-11 12:42:37.962625
Observation_0041,2023-07-01 12:42:37.962625
Observation_0042,2024-04-21 12:42:37.962625
Observation_0043,2023-07-06 12:42:37.962625
Observation_0044,2024-03-30 12:42:37.962625
Observation_0045,2024-03-15 12:42:37.962625
Observation_0046,2024-12-06 12:42:37.962625
Observation_0047,2023-12-24 12:42:37.962625
Observation_0048,2023-05-12 12:42:37.962625
Observation_0049,2024-07-11 12:42:37.962625
Observation_0050,2024-09-28 12:42:37.962625
Observation_0051,2023-08-03 12:42:37.962625
Observation_0052,2024-04-19 12:42:37.962625
Observation_0053,2023-06-17 12:42:37.962625
Observation_0054,2024-10-14 12:42:37.962625
Observation_0055,2024-01-23 12:42:37.962625
Observation_0056,2024-12-31 12:42:37.962625
Observation_0057,2024-12-21 12:42:37.962625
Observation_0058,2024-04-02 12:42:37.962625
Observation_0059,2024-11-09 12:42:37.962625
Observation_0060,2023-10-11 12:42:37.962625
Observation_0061,2025-03-19 12:42:37.962625
Observation_0062,2023-06-08 12:42:37.962625
Observation_0063,2023-05-14 12:42:37.962625
Observation_0064,2025-02-03 12:42:37.962625
Observation_0065,2023-11-17 12:42:37.962625
Observation_0066,2024-01-19 12:42:37.962625
Observation_0067,2023-06-18 12:42:37.962625
Observation_0068,2023-11-22 12:42:37.962625
Observation_0069,2023-07-10 12:42:37.962625
Observation_0070,2024-04-21 12:42:37.962625
Observation_0071,2024-01-07 12:42:37.962625
Observation_0072,2024-07-05 12:42:37.962625
Observation_0073,2025-01-07 12:42:37.962625
Observation_0074,2024-04-05 12:42:37.962625
Observation_0075,2023-09-11 12:42:37.962625
Observation_0076,2024-04-11 12:42:37.962625
Observation_0077,2024-03-26 12:42:37.962625
Observation_0078,2023-10-29 12:42:37.962625
Observation_0079,2025-02-12 12:42:37.962625
Observation_0080,2023-12-27 12:42:37.962625
Observation_0081,2025-03-16 12:42:37.962625
Observation_0082,2025-02-25 12:42:37.962625
Observation_0083,2025-01-20 12:42:37.962625
Observation_0084,2023-06-10 12:42:37.962625
Observation_0085,2024-12-11 12:42:37.962625
Observation_0086,2025-01-07 12:42:37.962625
Observation_0087,2023-09-20 12:42:37.962625
Observation_0088,2024-09-25 12:42:37.962625
Observation_0089,2023-12-04 12:42:37.962625
Observation_0090,2023-09-12 12:42:37.962625
Observation_0091,2024-07-14 12:42:37.962625
Observation_0092,2024-04-20 12:42:37.962625
Observation_0093,2023-12-30 12:42:37.962625
Observation_0094,2025-01-12 12:42:37.962625
Observation_0095,2025-03-02 12:42:37.962625
Observation_0096,2024-10-19 12:42:37.962625
Observation_0097,2023-11-08 12:42:37.962625
Observation_0098,2025-02-27 12:42:37.962625
Observation_0099,2024-02-24 12:42:37.962625
Observation_0100,2023-05-25 12:42:37.962625
Observation_0101,2023-11-18 12:42:37.962625
Observation_0102,2023-04-30 12:42:37.962625
Observation_0103,2024-02-15 12:42:37.962625
Observation_0104,2024-05-12 12:42:37.962625
Observation_0105,2023-12-28 12:42:37.962625
Observation_0106,2023-06-04 12:42:37.962625
Observation_0107,2023-10-31 12:42:37.962625
Observation_0108,2024-10-29 12:42:37.962625
Observation_0109,2024-02-14 12:42:37.962625
Observation_0110,2023-11-01 12:42:37.962625
Observation_0111,2025-01-28 12:42:37.962625
Observation_0112,2024-08-21 12:42:37.962625
Observation_0113,2024-05-07 12:42:37.962625
Observation_0114,2025-01-15 12:42:37.962625
Observation_0115,2024-07-10 12:42:37.962625
Observation_0116,2023-08-22 12:42:37.962625
Observation_0117,2023-12-25 12:42:37.962625
Observation_0118,2023-08-18 12:42:37.962625
Observation_0119,2023-12-06 12:42:37.962625
Observation_0120,2024-10-23 12:42:37.962625
Observation_0121,2024-09-30 12:42:37.962625
Observation_0122,2023-12-23 12:42:37.962625
Observation_0123,2024-11-16 12:42:37.962625
Observation_0124,2024-06-09 12:42:37.962625
Observation_0125,2024-11-15 12:42:37.962625
Observation_0126,2024-05-10 12:42:37.962625
Observation_0127,2024-04-02 12:42:37.962625
Observation_0128,2023-11-08 12:42:37.962625
Observation_0129,2023-08-17 12:42:37.962625
Observation_0130,2024-08-31 12:42:37.962625
Observation_0131,2024-08-15 12:42:37.962625
Observation_0132,2023-06-30 12:42:37.962625
Observation_0133,2023-05-16 12:42:37.962625
Observation_0134,2023-07-19 12:42:37.962625
Observation_0135,2023-09-01 12:42:37.962625
Observation_0136,2024-12-30 12:42:37.962625
Observation_0137,2023-09-08 12:42:37.962625
Observation_0138,2025-02-22 12:42:37.962625
Observation_0139,2024-06-03 12:42:37.962625
Observation_0140,2024-11-28 12:42:37.962625
Observation_0141,2023-06-02 12:42:37.962625
Observation_0142,2024-04-26 12:42:37.962625
Observation_0143,2024-04-22 12:42:37.962625
Observation_0144,2024-11-28 12:42:37.962625
Observation_0145,2024-07-20 12:42:37.962625
Observation_0146,2024-09-20 12:42:37.962625
Observation_0147,2023-12-11 12:42:37.962625
Observation_0148,2024-10-15 12:42:37.962625
Observation_0149,2023-04-09 12:42:37.962625
Observation_0150,2025-02-22 12:42:37.962625
Observation_0151,2023-07-24 12:42:37.962625
Observation_0152,2025-02-24 12:42:37.962625
Observation_0153,2024-09-28 12:42:37.962625
Observation_0154,2023-12-27 12:42:37.962625
Observation_0155,2025-01-13 12:42:37.962625
Observation_0156,2024-03-11 12:42:37.962625
Observation_0157,2023-07-21 12:42:37.962625
Observation_0158,2024-01-23 12:42:37.962625
Observation_0159,2024-06-16 12:42:37.962625
Observation_0160,2023-09-06 12:42:37.962625
Observation_0161,2024-07-05 12:42:37.962625
Observation_0162,2023-04-01 12:42:37.962625
Observation_0163,2023-12-23 12:42:37.962625
Observation_0164,2024-08-22 12:42:37.962625
Observation_0165,2023-09-27 12:42:37.962625
Observation_0166,2024-08-29 12:42:37.962625
Observation_0167,2023-07-15 12:42:37.962625
Observation_0168,2024-12-28 12:42:37.962625
Observation_0169,2024-01-28 12:42:37.962625
Observation_0170,2025-01-11 12:42:37.962625
Observation_0171,2024-08-29 12:42:37.962625
Observation_0172,2024-12-11 12:42:37.962625
Observation_0173,2023-10-18 12:42:37.962625
Observation_0174,2023-09-01 12:42:37.962625
Observation_0175,2024-04-14 12:42:37.962625
Observation_0176,2023-09-10 12:42:37.962625
Observation_0177,2024-10-01 12:42:37.962625
Observation_0178,2024-09-22 12:42:37.962625
Observation_0179,2023-03-29 12:42:37.962625
Observation_0180,2024-12-01 12:42:37.962625
Observation_0181,2024-02-23 12:42:37.962625
Observation_0182,2024-08-10 12:42:37.962625
Observation_0183,2023-04-17 12:42:37.962625
Observation_0184,2023-07-21 12:42:37.962625
Observation_0185,2024-04-03 12:42:37.962625
Observation_0186,2024-02-06 12:42:37.962625
Observation_0187,2023-11-29 12:42:37.962625
Observation_0188,2023-05-27 12:42:37.962625
Observation_0189,2023-11-30 12:42:37.962625
Observation_0190,2024-10-29 12:42:37.962625
Observation_0191,2023-06-17 12:42:37.962625
Observation_0192,2023-06-24 12:42:37.962625
Observation_0193,2024-08-07 12:42:37.962625
Observation_0194,2023-06-07 12:42:37.962625
Observation_0195,2024-09-24 12:42:37.962625
Observation_0196,2023-08-04 12:42:37.962625
Observation_0197,2023-08-07 12:42:37.962625
Observation_0198,2025-02-01 12:42:37.962625
Observation_0199,2024-07-27 12:42:37.962625
Observation_0200,2024-10-11 12:42:37.962625
Observation_0201,2023-09-14 12:42:37.962625
Observation_0202,2023-12-25 12:42:37.962625
Observation_0203,2024-09-19 12:42:37.962625
Observation_0204,2024-12-09 12:42:37.962625
Observation_0205,2024-06-04 12:42:37.962625
Observation_0206,2023-10-31 12:42:37.962625
Observation_0207,2024-10-01 12:42:37.962625
Observation_0208,2025-03-04 12:42:37.962625
Observation_0209,2023-10-20 12:42:37.962625
Observation_0210,2025-03-28 12:42:37.962625
Observation_0211,2024-02-11 12:42:37.962625
Observation_0212,2024-05-10 12:42:37.962625
Observation_0213,2025-02-13 12:42:37.962625
Observation_0214,2025-01-22 12:42:37.962625
Observation_0215,2024-04-14 12:42:37.962625
Observation_0216,2024-06-19 12:42:37.962625
Observation_0217,2024-09-08 12:42:37.962625
Observation_0218,2024-07-03 12:42:37.962625
Observation_0219,2023-07-30 12:42:37.962625
Observation_0220,2023-12-07 12:42:37.962625
Observation_0221,2023-11-14 12:42:37.962625
Observation_0222,2023-06-02 12:42:37.962625
Observation_0223,2024-03-09 12:42:37.962625
Observation_0224,2023-04-19 12:42:37.962625
Observation_0225,2024-11-20 12:42:37.962625
Observation_0226,2024-10-16 12:42:37.962625
Observation_0227,2023-11-19 12:42:37.962625
Observation_0228,2024-11-20 12:42:37.962625
Observation_0229,2023-11-09 12:42:37.962625
Observation_0230,2023-04-05 12:42:37.962625
Observation_0231,2023-06-09 12:42:37.962625
Observation_0232,2025-03-22 12:42:37.962625
Observation_0233,2025-01-03 12:42:37.962625
Observation_0234,2023-05-28 12:42:37.962625
Observation_0235,2023-11-18 12:42:37.962625
Observation_0236,2023-06-06 12:42:37.962625
Observation_0237,2023-04-30 12:42:37.962625
Observation_0238,2024-03-01 12:42:37.962625
Observation_0239,2023-06-09 12:42:37.962625
Observation_0240,2024-09-05 12:42:37.962625
Observation_0241,2023-11-27 12:42:37.962625
Observation_0242,2024-01-08 12:42:37.962625
Observation_0243,2025-02-11 12:42:37.962625
Observation_0244,2024-08-07 12:42:37.962625
Observation_0245,2023-11-03 12:42:37.962625
Observation_0246,2024-10-01 12:42:37.962625
Observation_0247,2023-08-11 12:42:37.962625
Observation_0248,2024-11-02 12:42:37.962625
Observation_0249,2024-11-08 12:42:37.962625
Observation_0250,2024-07-25 12:42:37.962625
Observation_0251,2023-12-02 12:42:37.962625
Observation_0252,2024-07-25 12:42:37.962625
Observation_0253,2024-05-18 12:42:37.962625
Observation_0254,2023-10-09 12:42:37.962625
Observation_0255,2023-07-03 12:42:37.962625
Observation_0256,2023-07-06 12:42:37.962625
Observation_0257,2025-01-31 12:42:37.962625
Observation_0258,2024-06-12 12:42:37.962625
Observation_0259,2024-03-25 12:42:37.962625
Observation_0260,2024-06-04 12:42:37.962625
Observation_0261,2024-05-22 12:42:37.962625
Observation_0262,2024-07-19 12:42:37.962625
Observation_0263,2023-05-23 12:42:37.962625
Observation_0264,2025-02-15 12:42:37.962625
Observation_0265,2025-01-26 12:42:37.962625
Observation_0266,2025-01-18 12:42:37.962625
Observation_0267,2023-07-07 12:42:37.962625
Observation_0268,2023-05-30 12:42:37.962625
Observation_0269,2024-05-14 12:42:37.962625
Observation_0270,2024-03-10 12:42:37.962625
Observation_0271,2023-07-18 12:42:37.962625
Observation_0272,2023-12-08 12:42:37.962625
Observation_0273,2023-10-11 12:42:37.962625
Observation_0274,2023-10-09 12:42:37.962625
Observation_0275,2024-09-28 12:42:37.962625
Observation_0276,2024-06-30 12:42:37.962625
Observation_0277,2023-08-19 12:42:37.962625
Observation_0278,2024-06-03 12:42:37.962625
Observation_0279,2023-10-02 12:42:37.962625
Observation_0280,2024-01-08 12:42:37.962625
Observation_0281,2024-07-14 12:42:37.962625
Observation_0282,2023-12-09 12:42:37.962625
Observation_0283,2023-06-14 12:42:37.962625
Observation_0284,2024-06-24 12:42:37.962625
Observation_0285,2024-10-12 12:42:37.962625
Observation_0286,2023-07-07 12:42:37.962625
Observation_0287,2023-05-19 12:42:37.962625
Observation_0288,2025-01-24 12:42:37.962625
Observation_0289,2024-10-02 12:42:37.962625
Observation_0290,2023-04-13 12:42:37.962625
Observation_0291,2023-07-02 12:42:37.962625
Observation_0292,2023-11-26 12:42:37.962625
Observation_0293,2023-09-15 12:42:37.962625
Observation_0294,2024-05-18 12:42:37.962625
Observation_0295,2024-08-07 12:42:37.962625
Observation_0296,2024-08-02 12:42:37.962625
Observation_0297,2023-11-02 12:42:37.962625
Observation_0298,2024-05-12 12:42:37.962625
Observation_0299,2023-05-28 12:42:37.962625
Observation_0300,2023-09-13 12:42:37.962625
Observation_0301,2024-04-20 12:42:37.962625
Observation_0302,2023-03-31 12:42:37.962625
Observation_0303,2024-05-01 12:42:37.962625
Observation_0304,2023-12-25 12:42:37.962625
Observation_0305,2024-07-06 12:42:37.962625
Observation_0306,2024-01-15 12:42:37.962625
Observation_0307,2024-06-04 12:42:37.962625
Observation_0308,2025-03-11 12:42:37.962625
Observation_0309,2024-10-18 12:42:37.962625
Observation_0310,2025-02-03 12:42:37.962625
Observation_0311,2024-08-08 12:42:37.962625
Observation_0312,2023-09-03 12:42:37.962625
Observation_0313,2023-10-09 12:42:37.962625
Observation_0314,2024-01-26 12:42:37.962625
Observation_0315,2023-11-06 12:42:37.962625
Observation_0316,2023-05-27 12:42:37.962625
Observation_0317,2024-11-11 12:42:37.962625
Observation_0318,2024-10-04 12:42:37.962625
Observation_0319,2023-05-30 12:42:37.962625
Observation_0320,2024-02-13 12:42:37.962625
Observation_0321,2023-05-26 12:42:37.962625
Observation_0322,2023-05-19 12:42:37.962625
Observation_0323,2024-11-16 12:42:37.962625
Observation_0324,2024-07-29 12:42:37.962625
Observation_0325,2024-08-24 12:42:37.962625
Observation_0326,2024-09-22 12:42:37.962625
Observation_0327,2023-09-06 12:42:37.962625
Observation_0328,2023-05-26 12:42:37.962625
Observation_0329,2024-08-30 12:42:37.962625
Observation_0330,2023-06-19 12:42:37.962625
Observation_0331,2023-10-05 12:42:37.962625
Observation_0332,2023-06-07 12:42:37.962625
Observation_0333,2024-11-27 12:42:37.962625
Observation_0334,2023-06-06 12:42:37.962625
Observation_0335,2025-02-17 12:42:37.962625
Observation_0336,2023-11-24 12:42:37.962625
Observation_0337,2024-05-15 12:42:37.962625
Observation_0338,2023-07-29 12:42:37.962625
Observation_0339,2024-11-01 12:42:37.962625
Observation_0340,2023-12-06 12:42:37.962625
Observation_0341,2024-11-10 12:42:37.962625
Observation_0342,2024-11-26 12:42:37.962625
Observation_0343,2023-05-08 12:42:37.962625
Observation_0344,2024-12-22 12:42:37.962625
Observation_0345,2023-06-20 12:42:37.962625
Observation_0346,2024-05-31 12:42:37.962625
Observation_0347,2025-01-30 12:42:37.962625
Observation_0348,2024-11-15 12:42:37.962625
Observation_0349,2024-10-27 12:42:37.962625
Observation_0350,2024-09-14 12:42:37.962625
Observation_0351,2024-02-15 12:42:37.962625
Observation_0352,2023-12-21 12:42:37.962625
Observation_0353,2023-10-24 12:42:37.962625
Observation_0354,2025-02-11 12:42:37.962625
Observation_0355,2024-02-13 12:42:37.962625
Observation_0356,2023-11-28 12:42:37.962625
Observation_0357,2023-12-25 12:42:37.962625
Observation_0358,2024-05-07 12:42:37.962625
Observation_0359,2023-08-10 12:42:37.962625
Observation_0360,2025-02-13 12:42:37.962625
Observation_0361,2025-01-17 12:42:37.962625
Observation_0362,2024-01-30 12:42:37.962625
Observation_0363,2024-07-09 12:42:37.962625
Observation_0364,2024-02-15 12:42:37.962625
Observation_0365,2023-06-11 12:42:37.962625
Observation_0366,2023-04-07 12:42:37.962625
Observation_0367,2024-07-10 12:42:37.962625
Observation_0368,2024-12-24 12:42:37.962625
Observation_0369,2024-10-25 12:42:37.962625
Observation_0370,2023-07-09 12:42:37.962625
Observation_0371,2023-06-12 12:42:37.962625
Observation_0372,2024-09-29 12:42:37.962625
Observation_0373,2023-11-02 12:42:37.962625
Observation_0374,2024-08-28 12:42:37.962625
Observation_0375,2023-12-25 12:42:37.962625
Observation_0376,2023-08-11 12:42:37.962625
Observation_0377,2024-03-20 12:42:37.962625
Observation_0378,2023-06-07 12:42:37.962625
Observation_0379,2023-12-04 12:42:37.962625
Observation_0380,2024-04-10 12:42:37.962625
Observation_0381,2024-01-14 12:42:37.962625
Observation_0382,2023-09-06 12:42:37.962625
Observation_0383,2024-06-19 12:42:37.962625
Observation_0384,2024-10-05 12:42:37.962625
Observation_0385,2025-03-18 12:42:37.962625
Observation_0386,2024-02-01 12:42:37.962625
Observation_0387,2024-12-14 12:42:37.962625
Observation_0388,2025-01-26 12:42:37.962625
Observation_0389,2024-09-20 12:42:37.962625
Observation_0390,2023-04-06 12:42:37.962625
Observation_0391,2025-02-09 12:42:37.962625
Observation_0392,2024-10-16 12:42:37.962625
Observation_0393,2024-01-29 12:42:37.962625
Observation_0394,2025-02-05 12:42:37.962625
Observation_0395,2023-07-13 12:42:37.962625
Observation_0396,2023-08-13 12:42:37.962625
Observation_0397,2023-12-24 12:42:37.962625
Observation_0398,2023-07-25 12:42:37.962625
Observation_0399,2023-07-16 12:42:37.962625
Observation_0400,2024-10-15 12:42:37.962625
Observation_0401,2023-09-04 12:42:37.962625
Observation_0402,2024-01-01 12:42:37.962625
Observation_0403,2024-01-11 12:42:37.962625
Observation_0404,2024-12-07 12:42:37.962625
Observation_0405,2023-10-30 12:42:37.962625
Observation_0406,2024-03-14 12:42:37.962625
Observation_0407,2023-10-23 12:42:37.962625
Observation_0408,2025-03-01 12:42:37.962625
Observation_0409,2025-01-06 12:42:37.962625
Observation_0410,2023-12-24 12:42:37.962625
Observation_0411,2024-08-27 12:42:37.962625
Observation_0412,2024-08-10 12:42:37.962625
Observation_0413,2023-12-11 12:42:37.962625
Observation_0414,2023-05-20 12:42:37.962625
Observation_0415,2023-07-01 12:42:37.962625
Observation_0416,2025-01-06 12:42:37.962625
Observation_0417,2024-06-04 12:42:37.962625
Observation_0418,2024-01-06 12:42:37.962625
Observation_0419,2023-05-13 12:42:37.962625
Observation_0420,2023-04-01 12:42:37.962625
Observation_0421,2024-03-04 12:42:37.962625
Observation_0422,2023-08-09 12:42:37.962625
Observation_0423,2025-01-09 12:42:37.962625
Observation_0424,2023-12-22 12:42:37.962625
Observation_0425,2023-09-10 12:42:37.962625
Observation_0426,2024-06-23 12:42:37.962625
Observation_0427,2024-10-13 12:42:37.962625
Observation_0428,2025-03-20 12:42:37.962625
Observation_0429,2024-06-08 12:42:37.962625
Observation_0430,2024-10-23 12:42:37.962625
Observation_0431,2023-04-07 12:42:37.962625
Observation_0432,2023-07-21 12:42:37.962625
Observation_0433,2023-06-14 12:42:37.962625
Observation_0434,2025-03-05 12:42:37.962625
Observation_0435,2023-08-28 12:42:37.962625
Observation_0436,2024-10-07 12:42:37.962625
Observation_0437,2023-05-04 12:42:37.962625
Observation_0438,2024-04-10 12:42:37.962625
Observation_0439,2024-11-14 12:42:37.962625
Observation_0440,2024-10-14 12:42:37.962625
Observation_0441,2023-08-27 12:42:37.962625
Observation_0442,2024-06-11 12:42:37.962625
Observation_0443,2023-08-06 12:42:37.962625
Observation_0444,2023-05-10 12:42:37.962625
Observation_0445,2024-02-07 12:42:37.962625
Observation_0446,2024-04-05 12:42:37.962625
Observation_0447,2023-05-08 12:42:37.962625
Observation_0448,2024-03-29 12:42:37.962625
Observation_0449,2023-10-30 12:42:37.962625
Observation_0450,2025-02-24 12:42:37.962625
Observation_0451,2023-12-09 12:42:37.962625
Observation_0452,2025-02-08 12:42:37.962625
Observation_0453,2023-07-12 12:42:37.962625
Observation_0454,2024-03-25 12:42:37.962625
Observation_0455,2024-10-22 12:42:37.962625
Observation_0456,2024-05-18 12:42:37.962625
Observation_0457,2024-12-23 12:42:37.962625
Observation_0458,2023-09-03 12:42:37.962625
Observation_0459,2023-11-26 12:42:37.962625
Observation_0460,2023-09-11 12:42:37.962625
Observation_0461,2023-09-26 12:42:37.962625
Observation_0462,2024-05-24 12:42:37.962625
Observation_0463,2023-04-23 12:42:37.962625
Observation_0464,2023-09-28 12:42:37.962625
Observation_0465,2024-03-03 12:42:37.962625
Observation_0466,2024-05-23 12:42:37.962625
Observation_0467,2025-02-11 12:42:37.962625
Observation_0468,2023-12-08 12:42:37.962625
Observation_0469,2023-12-27 12:42:37.962625
Observation_0470,2023-09-08 12:42:37.962625
Observation_0471,2025-03-16 12:42:37.962625
Observation_0472,2023-07-17 12:42:37.962625
Observation_0473,2024-04-23 12:42:37.962625
Observation_0474,2023-05-07 12:42:37.962625
Observation_0475,2024-07-22 12:42:37.962625
Observation_0476,2023-11-11 12:42:37.962625
Observation_0477,2023-10-19 12:42:37.962625
Observation_0478,2024-07-12 12:42:37.962625
Observation_0479,2024-03-21 12:42:37.962625
Observation_0480,2024-02-04 12:42:37.962625
Observation_0481,2023-11-17 12:42:37.962625
Observation_0482,2023-11-12 12:42:37.962625
Observation_0483,2023-04-22 12:42:37.962625
Observation_0484,2025-02-01 12:42:37.962625
Observation_0485,2023-10-12 12:42:37.962625
Observation_0486,2024-05-10 12:42:37.962625
Observation_0487,2024-02-28 12:42:37.962625
Observation_0488,2024-01-08 12:42:37.962625
Observation_0489,2023-06-08 12:42:37.962625
Observation_0490,2024-01-08 12:42:37.962625
Observation_0491,2024-03-22 12:42:37.962625
Observation_0492,2025-01-13 12:42:37.962625
Observation_0493,2024-08-31 12:42:37.962625
Observation_0494,2024-05-11 12:42:37.962625
Observation_0495,2025-02-21 12:42:37.962625
Observation_0496,2024-09-28 12:42:37.962625
Observation_0497,2024-03-02 12:42:37.962625
Observation_0498,2023-04-26 12:42:37.962625
Observation_0499,2023-07-25 12:42:37.962625
Observation_0500,2023-12-21 12:42:37.962625
Observation_0501,2023-09-27 12:42:37.962625
Observation_0502,2024-11-12 12:42:37.962625
Observation_0503,2023-12-25 12:42:37.962625
Observation_0504,2023-05-07 12:42:37.962625
Observation_0505,2023-07-18 12:42:37.962625
Observation_0506,2024-11-28 12:42:37.962625
Observation_0507,2024-06-15 12:42:37.962625
Observation_0508,2024-03-16 12:42:37.962625
Observation_0509,2024-02-13 12:42:37.962625
Observation_0510,2024-06-17 12:42:37.962625
Observation_0511,2024-12-08 12:42:37.962625
Observation_0512,2024-09-02 12:42:37.962625
Observation_0513,2023-07-25 12:42:37.962625
Observation_0514,2024-04-26 12:42:37.962625
Observation_0515,2024-11-08 12:42:37.962625
Observation_0516,2023-10-09 12:42:37.962625
Observation_0517,2023-12-14 12:42:37.962625
Observation_0518,2023-05-13 12:42:37.962625
Observation_0519,2025-03-23 12:42:37.962625
Observation_0520,2024-06-17 12:42:37.962625
Observation_0521,2023-03-30 12:42:37.962625
Observation_0522,2024-09-11 12:42:37.962625
Observation_0523,2024-09-30 12:42:37.962625
Observation_0524,2025-03-01 12:42:37.962625
Observation_0525,2025-02-12 12:42:37.962625
Observation_0526,2023-10-16 12:42:37.962625
Observation_0527,2024-04-04 12:42:37.962625
Observation_0528,2024-06-12 12:42:37.962625
Observation_0529,2023-06-08 12:42:37.962625
Observation_0530,2025-02-06 12:42:37.962625
Observation_0531,2024-03-01 12:42:37.962625
Observation_0532,2024-12-26 12:42:37.962625
Observation_0533,2024-02-13 12:42:37.962625
Observation_0534,2025-02-05 12:42:37.962625
Observation_0535,2023-08-03 12:42:37.962625
Observation_0536,2024-01-30 12:42:37.962625
Observation_0537,2024-08-29 12:42:37.962625
Observation_0538,2024-02-08 12:42:37.962625
Observation_0539,2025-02-08 12:42:37.962625
Observation_0540,2024-05-20 12:42:37.962625
Observation_0541,2024-02-26 12:42:37.962625
Observation_0542,2024-05-14 12:42:37.962625
Observation_0543,2025-03-11 12:42:37.962625
Observation_0544,2024-01-25 12:42:37.962625
Observation_0545,2024-10-16 12:42:37.962625
Observation_0546,2023-08-06 12:42:37.962625
Observation_0547,2023-10-11 12:42:37.962625
Observation_0548,2024-06-01 12:42:37.962625
Observation_0549,2025-02-06 12:42:37.962625
Observation_0550,2024-04-20 12:42:37.962625
Observation_0551,2025-02-19 12:42:37.962625
Observation_0552,2023-09-23 12:42:37.962625
Observation_0553,2024-12-18 12:42:37.962625
Observation_0554,2024-10-31 12:42:37.962625
Observation_0555,2024-01-31 12:42:37.962625
Observation_0556,2024-05-17 12:42:37.962625
Observation_0557,2024-10-10 12:42:37.962625
Observation_0558,2023-03-29 12:42:37.962625
Observation_0559,2024-02-03 12:42:37.962625
Observation_0560,2024-01-16 12:42:37.962625
Observation_0561,2023-10-30 12:42:37.962625
Observation_0562,2024-06-11 12:42:37.962625
Observation_0563,2024-11-11 12:42:37.962625
Observation_0564,2024-12-09 12:42:37.962625
Observation_0565,2025-01-27 12:42:37.962625
Observation_0566,2024-02-21 12:42:37.962625
Observation_0567,2024-07-17 12:42:37.962625
Observation_0568,2024-06-23 12:42:37.962625
Observation_0569,2024-06-23 12:42:37.962625
Observation_0570,2025-02-17 12:42:37.962625
Observation_0571,2023-11-02 12:42:37.962625
Observation_0572,2024-09-02 12:42:37.962625
Observation_0573,2024-07-25 12:42:37.962625
Observation_0574,2023-09-18 12:42:37.962625
Observation_0575,2025-01-31 12:42:37.962625
Observation_0576,2023-06-23 12:42:37.962625
Observation_0577,2024-01-13 12:42:37.962625
Observation_0578,2024-09-06 12:42:37.962625
Observation_0579,2025-02-05 12:42:37.962625
Observation_0580,2025-01-05 12:42:37.962625
Observation_0581,2024-12-22 12:42:37.962625
Observation_0582,2024-03-06 12:42:37.962625
Observation_0583,2023-07-02 12:42:37.962625
Observation_0584,2023-11-24 12:42:37.962625
Observation_0585,2025-02-14 12:42:37.962625
Observation_0586,2024-02-09 12:42:37.962625
Observation_0587,2023-11-14 12:42:37.962625
Observation_0588,2023-10-18 12:42:37.962625
Observation_0589,2023-08-26 12:42:37.962625
Observation_0590,2023-04-23 12:42:37.962625
Observation_0591,2023-05-15 12:42:37.962625
Observation_0592,2023-12-04 12:42:37.962625
Observation_0593,2024-07-27 12:42:37.962625
Observation_0594,2024-12-13 12:42:37.962625
Observation_0595,2023-06-11 12:42:37.962625
Observation_0596,2024-07-07 12:42:37.962625
Observation_0597,2024-05-26 12:42:37.962625
Observation_0598,2025-01-01 12:42:37.962625
Observation_0599,2024-11-07 12:42:37.962625
Observation_0600,2023-10-14 12:42:37.962625
Observation_0601,2025-03-11 12:42:37.962625
Observation_0602,2024-04-25 12:42:37.962625
Observation_0603,2024-08-16 12:42:37.962625
Observation_0604,2024-05-11 12:42:37.962625
Observation_0605,2023-12-03 12:42:37.962625
Observation_0606,2023-08-27 12:42:37.962625
Observation_0607,2025-01-28 12:42:37.962625
Observation_0608,2025-03-02 12:42:37.962625
Observation_0609,2023-04-03 12:42:37.962625
Observation_0610,2023-07-16 12:42:37.962625
Observation_0611,2024-06-06 12:42:37.962625
Observation_0612,2023-11-08 12:42:37.962625
Observation_0613,2023-09-25 12:42:37.962625
Observation_0614,2025-03-10 12:42:37.962625
Observation_0615,2024-09-09 12:42:37.962625
Observation_0616,2024-07-16 12:42:37.962625
Observation_0617,2023-05-19 12:42:37.962625
Observation_0618,2024-10-19 12:42:37.962625
Observation_0619,2023-12-09 12:42:37.962625
Observation_0620,2023-07-31 12:42:37.962625
Observation_0621,2024-07-08 12:42:37.962625
Observation_0622,2023-08-12 12:42:37.962625
Observation_0623,2024-07-16 12:42:37.962625
Observation_0624,2025-02-09 12:42:37.962625
Observation_0625,2024-09-22 12:42:37.962625
Observation_0626,2024-10-21 12:42:37.962625
Observation_0627,2024-11-27 12:42:37.962625
Observation_0628,2024-02-16 12:42:37.962625
Observation_0629,2024-06-24 12:42:37.962625
Observation_0630,2024-12-15 12:42:37.962625
Observation_0631,2024-08-26 12:42:37.962625
Observation_0632,2024-06-07 12:42:37.962625
Observation_0633,2024-10-10 12:42:37.962625
Observation_0634,2024-06-27 12:42:37.962625
Observation_0635,2023-09-07 12:42:37.962625
Observation_0636,2024-07-27 12:42:37.962625
Observation_0637,2024-07-01 12:42:37.962625
Observation_0638,2023-12-19 12:42:37.962625
Observation_0639,2023-12-07 12:42:37.962625
Observation_0640,2025-01-09 12:42:37.962625
Observation_0641,2024-01-06 12:42:37.962625
Observation_0642,2024-09-12 12:42:37.962625
Observation_0643,2024-08-06 12:42:37.962625
Observation_0644,2024-12-29 12:42:37.962625
Observation_0645,2023-11-28 12:42:37.962625
Observation_0646,2024-01-04 12:42:37.962625
Observation_0647,2024-06-21 12:42:37.962625
Observation_0648,2023-06-16 12:42:37.962625
Observation_0649,2025-03-28 12:42:37.962625
Observation_0650,2024-01-15 12:42:37.962625
Observation_0651,2023-11-24 12:42:37.962625
Observation_0652,2024-01-01 12:42:37.962625
Observation_0653,2024-03-06 12:42:37.962625
Observation_0654,2024-02-19 12:42:37.962625
Observation_0655,2024-10-02 12:42:37.962625
Observation_0656,2023-06-19 12:42:37.962625
Observation_0657,2023-08-17 12:42:37.962625
Observation_0658,2023-08-30 12:42:37.962625
Observation_0659,2023-11-20 12:42:37.962625
Observation_0660,2024-04-24 12:42:37.962625
Observation_0661,2025-03-08 12:42:37.962625
Observation_0662,2023-09-01 12:42:37.962625
Observation_0663,2025-03-21 12:42:37.962625
Observation_0664,2023-11-03 12:42:37.962625
Observation_0665,2023-06-02 12:42:37.962625
Observation_0666,2024-05-26 12:42:37.962625
Observation_0667,2024-05-19 12:42:37.962625
Observation_0668,2024-03-01 12:42:37.962625
Observation_0669,2024-10-04 12:42:37.962625
Observation_0670,2024-07-18 12:42:37.962625
Observation_0671,2024-05-27 12:42:37.962625
Observation_0672,2023-05-31 12:42:37.962625
Observation_0673,2023-10-26 12:42:37.962625
Observation_0674,2024-06-01 12:42:37.962625
Observation_0675,2024-04-30 12:42:37.962625
Observation_0676,2024-11-16 12:42:37.962625
Observation_0677,2025-03-10 12:42:37.962625
Observation_0678,2023-04-18 12:42:37.962625
Observation_0679,2024-11-07 12:42:37.962625
Observation_0680,2024-04-21 12:42:37.962625
Observation_0681,2024-07-29 12:42:37.962625
Observation_0682,2023-04-04 12:42:37.962625
Observation_0683,2024-03-23 12:42:37.962625
Observation_0684,2024-01-28 12:42:37.962625
Observation_0685,2024-05-01 12:42:37.962625
Observation_0686,2024-05-31 12:42:37.962625
Observation_0687,2024-09-30 12:42:37.962625
Observation_0688,2024-10-08 12:42:37.962625
Observation_0689,2024-12-05 12:42:37.962625
Observation_0690,2023-11-09 12:42:37.962625
Observation_0691,2024-08-09 12:42:37.962625
Observation_0692,2023-11-08 12:42:37.962625
Observation_0693,2024-01-02 12:42:37.962625
Observation_0694,2024-06-17 12:42:37.962625
Observation_0695,2024-08-07 12:42:37.962625
Observation_0696,2023-04-27 12:42:37.962625
Observation_0697,2024-04-30 12:42:37.962625
Observation_0698,2024-03-07 12:42:37.962625
Observation_0699,2025-02-10 12:42:37.962625
Observation_0700,2025-02-21 12:42:37.962625
Observation_0701,2024-05-16 12:42:37.962625
Observation_0702,2023-09-14 12:42:37.962625
Observation_0703,2024-07-19 12:42:37.962625
Observation_0704,2023-08-06 12:42:37.962625
Observation_0705,2024-12-25 12:42:37.962625
Observation_0706,2024-09-25 12:42:37.962625
Observation_0707,2023-04-25 12:42:37.962625
Observation_0708,2024-05-05 12:42:37.962625
Observation_0709,2024-11-24 12:42:37.962625
Observation_0710,2024-10-26 12:42:37.962625
Observation_0711,2025-02-04 12:42:37.962625
Observation_0712,2023-04-25 12:42:37.962625
Observation_0713,2023-06-22 12:42:37.962625
Observation_0714,2025-01-15 12:42:37.962625
Observation_0715,2024-06-09 12:42:37.962625
Observation_0716,2023-08-14 12:42:37.962625
Observation_0717,2024-07-13 12:42:37.962625
Observation_0718,2023-10-01 12:42:37.962625
Observation_0719,2023-05-19 12:42:37.962625
Observation_0720,2023-12-20 12:42:37.962625
Observation_0721,2024-04-20 12:42:37.962625
Observation_0722,2024-02-27 12:42:37.962625
Observation_0723,2023-10-31 12:42:37.962625
Observation_0724,2024-07-06 12:42:37.962625
Observation_0725,2024-02-26 12:42:37.962625
Observation_0726,2024-03-08 12:42:37.962625
Observation_0727,2024-04-20 12:42:37.962625
Observation_0728,2024-01-07 12:42:37.962625
Observation_0729,2024-06-02 12:42:37.962625
Observation_0730,2023-12-12 12:42:37.962625
Observation_0731,2023-06-20 12:42:37.962625
Observation_0732,2024-07-22 12:42:37.962625
Observation_0733,2023-04-17 12:42:37.962625
Observation_0734,2024-10-01 12:42:37.962625
Observation_0735,2023-05-21 12:42:37.962625
Observation_0736,2024-03-21 12:42:37.962625
Observation_0737,2023-11-13 12:42:37.962625
Observation_0738,2025-01-22 12:42:37.962625
Observation_0739,2023-06-07 12:42:37.962625
Observation_0740,2025-01-24 12:42:37.962625
Observation_0741,2023-05-09 12:42:37.962625
Observation_0742,2023-04-29 12:42:37.962625
Observation_0743,2023-12-07 12:42:37.962625
Observation_0744,2023-10-19 12:42:37.962625
Observation_0745,2023-04-18 12:42:37.962625
Observation_0746,2024-12-24 12:42:37.962625
Observation_0747,2023-09-01 12:42:37.962625
Observation_0748,2023-11-28 12:42:37.962625
Observation_0749,2023-08-05 12:42:37.962625
Observation_0750,2024-07-25 12:42:37.962625
Observation_0751,2025-02-11 12:42:37.962625
Observation_0752,2023-07-24 12:42:37.962625
Observation_0753,2024-10-26 12:42:37.962625
Observation_0754,2023-11-07 12:42:37.962625
Observation_0755,2024-07-17 12:42:37.962625
Observation_0756,2025-03-14 12:42:37.962625
Observation_0757,2023-12-16 12:42:37.962625
Observation_0758,2024-04-09 12:42:37.962625
Observation_0759,2023-09-16 12:42:37.962625
Observation_0760,2024-12-08 12:42:37.962625
Observation_0761,2024-12-09 12:42:37.962625
Observation_0762,2023-07-24 12:42:37.962625
Observation_0763,2023-09-12 12:42:37.962625
Observation_0764,2024-02-10 12:42:37.962625
Observation_0765,2023-07-17 12:42:37.962625
Observation_0766,2024-11-10 12:42:37.962625
Observation_0767,2023-04-24 12:42:37.962625
Observation_0768,2024-02-11 12:42:37.962625
Observation_0769,2024-11-07 12:42:37.962625
Observation_0770,2025-02-19 12:42:37.962625
Observation_0771,2024-04-16 12:42:37.962625
Observation_0772,2024-05-08 12:42:37.962625
Observation_0773,2023-10-18 12:42:37.962625
Observation_0774,2023-06-14 12:42:37.962625
Observation_0775,2024-11-24 12:42:37.962625
Observation_0776,2025-03-05 12:42:37.962625
Observation_0777,2024-12-30 12:42:37.962625
Observation_0778,2023-12-02 12:42:37.962625
Observation_0779,2023-07-11 12:42:37.962625
Observation_0780,2025-03-11 12:42:37.962625
Observation_0781,2024-01-31 12:42:37.962625
Observation_0782,2025-02-26 12:42:37.962625
Observation_0783,2024-12-02 12:42:37.962625
Observation_0784,2023-07-30 12:42:37.962625
Observation_0785,2024-10-28 12:42:37.962625
Observation_0786,2023-05-10 12:42:37.962625
Observation_0787,2024-03-18 12:42:37.962625
Observation_0788,2024-09-24 12:42:37.962625
Observation_0789,2024-06-09 12:42:37.962625
Observation_0790,2025-02-03 12:42:37.962625
Observation_0791,2024-04-11 12:42:37.962625
Observation_0792,2023-06-07 12:42:37.962625
Observation_0793,2024-08-28 12:42:37.962625
Observation_0794,2025-01-20 12:42:37.962625
Observation_0795,2024-03-12 12:42:37.962625
Observation_0796,2023-04-10 12:42:37.962625
Observation_0797,2024-06-01 12:42:37.962625
Observation_0798,2024-08-11 12:42:37.962625
Observation_0799,2023-07-15 12:42:37.962625
Observation_0800,2024-06-14 12:42:37.962625
Observation_0801,2024-04-02 12:42:37.962625
Observation_0802,2025-01-07 12:42:37.962625
Observation_0803,2024-07-11 12:42:37.962625
Observation_0804,2025-03-22 12:42:37.962625
Observation_0805,2023-09-01 12:42:37.962625
Observation_0806,2024-06-16 12:42:37.962625
Observation_0807,2023-09-25 12:42:37.962625
Observation_0808,2024-09-13 12:42:37.962625
Observation_0809,2025-01-23 12:42:37.962625
Observation_0810,2023-12-30 12:42:37.962625
Observation_0811,2024-12-18 12:42:37.962625
Observation_0812,2024-09-30 12:42:37.962625
Observation_0813,2024-08-05 12:42:37.962625
Observation_0814,2024-07-17 12:42:37.962625
Observation_0815,2024-06-17 12:42:37.962625
Observation_0816,2024-11-24 12:42:37.962625
Observation_0817,2023-12-28 12:42:37.962625
Observation_0818,2024-02-22 12:42:37.962625
Observation_0819,2023-12-05 12:42:37.962625
Observation_0820,2023-06-25 12:42:37.962625
Observation_0821,2024-01-08 12:42:37.962625
Observation_0822,2024-07-02 12:42:37.962625
Observation_0823,2023-12-03 12:42:37.962625
Observation_0824,2024-07-16 12:42:37.962625
Observation_0825,2024-11-01 12:42:37.962625
Observation_0826,2024-12-12 12:42:37.962625
Observation_0827,2025-02-10 12:42:37.962625
Observation_0828,2024-04-20 12:42:37.962625
Observation_0829,2024-03-07 12:42:37.962625
Observation_0830,2023-04-27 12:42:37.962625
Observation_0831,2024-08-16 12:42:37.962625
Observation_0832,2024-02-24 12:42:37.962625
Observation_0833,2023-10-01 12:42:37.962625
Observation_0834,2024-08-09 12:42:37.962625
Observation_0835,2023-11-01 12:42:37.962625
Observation_0836,2024-03-26 12:42:37.962625
Observation_0837,2023-12-18 12:42:37.962625
Observation_0838,2024-03-11 12:42:37.962625
Observation_0839,2024-01-09 12:42:37.962625
Observation_0840,2024-11-28 12:42:37.962625
Observation_0841,2025-03-16 12:42:37.962625
Observation_0842,2024-01-05 12:42:37.962625
Observation_0843,2024-10-18 12:42:37.962625
Observation_0844,2023-04-08 12:42:37.962625
Observation_0845,2024-09-08 12:42:37.962625
Observation_0846,2023-10-10 12:42:37.962625
Observation_0847,2023-06-24 12:42:37.962625
Observation_0848,2023-12-01 12:42:37.962625
Observation_0849,2024-05-18 12:42:37.962625
Observation_0850,2024-08-10 12:42:37.962625
Observation_0851,2024-10-17 12:42:37.962625
Observation_0852,2023-11-30 12:42:37.962625
Observation_0853,2025-03-05 12:42:37.962625
Observation_0854,2024-07-28 12:42:37.962625
Observation_0855,2025-01-18 12:42:37.962625
Observation_0856,2025-03-26 12:42:37.962625
Observation_0857,2024-08-12 12:42:37.962625
Observation_0858,2024-06-29 12:42:37.962625
Observation_0859,2023-04-15 12:42:37.962625
Observation_0860,2023-07-02 12:42:37.962625
Observation_0861,2024-01-24 12:42:37.962625
Observation_0862,2023-11-10 12:42:37.962625
Observation_0863,2024-05-16 12:42:37.962625
Observation_0864,2025-03-06 12:42:37.962625
Observation_0865,2023-12-03 12:42:37.962625
Observation_0866,2024-02-05 12:42:37.962625
Observation_0867,2025-02-05 12:42:37.962625
Observation_0868,2024-11-13 12:42:37.962625
Observation_0869,2024-04-09 12:42:37.962625
Observation_0870,2024-07-25 12:42:37.962625
Observation_0871,2024-10-15 12:42:37.962625
Observation_0872,2024-09-22 12:42:37.962625
Observation_0873,2024-03-15 12:42:37.962625
Observation_0874,2024-06-06 12:42:37.962625
Observation_0875,2024-10-12 12:42:37.962625
Observation_0876,2024-03-01 12:42:37.962625
Observation_0877,2024-03-23 12:42:37.962625
Observation_0878,2025-03-17 12:42:37.962625
Observation_0879,2024-07-05 12:42:37.962625
Observation_0880,2023-12-31 12:42:37.962625
Observation_0881,2024-02-05 12:42:37.962625
Observation_0882,2023-12-11 12:42:37.962625
Observation_0883,2023-11-20 12:42:37.962625
Observation_0884,2023-07-30 12:42:37.962625
Observation_0885,2023-10-12 12:42:37.962625
Observation_0886,2024-02-15 12:42:37.962625
Observation_0887,2023-07-29 12:42:37.962625
Observation_0888,2024-09-27 12:42:37.962625
Observation_0889,2025-03-04 12:42:37.962625
Observation_0890,2023-10-04 12:42:37.962625
Observation_0891,2023-10-11 12:42:37.962625
Observation_0892,2023-11-05 12:42:37.962625
Observation_0893,2024-08-05 12:42:37.962625
Observation_0894,2024-01-06 12:42:37.962625
Observation_0895,2024-11-21 12:42:37.962625
Observation_0896,2024-09-16 12:42:37.962625
Observation_0897,2024-11-29 12:42:37.962625
Observation_0898,2024-01-12 12:42:37.962625
Observation_0899,2023-07-09 12:42:37.962625
Observation_0900,2023-10-13 12:42:37.962625
Observation_0901,2024-01-26 12:42:37.962625
Observation_0902,2023-11-16 12:42:37.962625
Observation_0903,2024-04-01 12:42:37.962625
Observation_0904,2023-09-28 12:42:37.962625
Observation_0905,2024-02-01 12:42:37.962625
Observation_0906,2023-04-12 12:42:37.962625
Observation_0907,2025-03-23 12:42:37.962625
Observation_0908,2024-09-25 12:42:37.962625
Observation_0909,2023-08-05 12:42:37.962625
Observation_0910,2024-01-03 12:42:37.962625
Observation_0911,2023-05-14 12:42:37.962625
Observation_0912,2023-05-23 12:42:37.962625
Observation_0913,2024-10-15 12:42:37.962625
Observation_0914,2024-01-22 12:42:37.962625
Observation_0915,2025-03-12 12:42:37.962625
Observation_0916,2023-08-05 12:42:37.962625
Observation_0917,2025-01-10 12:42:37.962625
Observation_0918,2024-08-12 12:42:37.962625
Observation_0919,2023-07-12 12:42:37.962625
Observation_0920,2023-04-10 12:42:37.962625
Observation_0921,2024-11-05 12:42:37.962625
Observation_0922,2024-01-14 12:42:37.962625
Observation_0923,2024-07-21 12:42:37.962625
Observation_0924,2024-07-31 12:42:37.962625
Observation_0925,2024-06-22 12:42:37.962625
Observation_0926,2024-03-11 12:42:37.962625
Observation_0927,2023-10-03 12:42:37.962625
Observation_0928,2023-05-20 12:42:37.962625
Observation_0929,2023-12-12 12:42:37.962625
Observation_0930,2024-07-30 12:42:37.962625
Observation_0931,2023-07-23 12:42:37.962625
Observation_0932,2023-06-03 12:42:37.962625
Observation_0933,2024-05-12 12:42:37.962625
Observation_0934,2024-08-13 12:42:37.962625
Observation_0935,2023-06-12 12:42:37.962625
Observation_0936,2024-11-08 12:42:37.962625
Observation_0937,2025-01-01 12:42:37.962625
Observation_0938,2025-02-28 12:42:37.962625
Observation_0939,2023-05-22 12:42:37.962625
Observation_0940,2023-08-31 12:42:37.962625
Observation_0941,2023-08-28 12:42:37.962625
Observation_0942,2024-10-25 12:42:37.962625
Observation_0943,2024-02-03 12:42:37.962625
Observation_0944,2023-06-24 12:42:37.962625
Observation_0945,2023-12-08 12:42:37.962625
Observation_0946,2023-07-28 12:42:37.962625
Observation_0947,2024-10-20 12:42:37.962625
Observation_0948,2024-05-28 12:42:37.962625
Observation_0949,2024-12-08 12:42:37.962625
Observation_0950,2024-11-28 12:42:37.962625
Observation_0951,2024-12-21 12:42:37.962625
Observation_0952,2023-11-15 12:42:37.962625
Observation_0953,2024-09-14 12:42:37.962625
Observation_0954,2024-04-21 12:42:37.962625
Observation_0955,2024-07-02 12:42:37.962625
Observation_0956,2024-06-24 12:42:37.962625
Observation_0957,2024-01-27 12:42:37.962625
Observation_0958,2024-11-20 12:42:37.962625
Observation_0959,2024-06-10 12:42:37.962625
Observation_0960,2024-02-04 12:42:37.962625
Observation_0961,2024-10-31 12:42:37.962625
Observation_0962,2024-12-23 12:42:37.962625
Observation_0963,2023-05-29 12:42:37.962625
Observation_0964,2024-12-12 12:42:37.962625
Observation_0965,2023-07-08 12:42:37.962625
Observation_0966,2023-10-27 12:42:37.962625
Observation_0967,2024-12-28 12:42:37.962625
Observation_0968,2023-10-31 12:42:37.962625
Observation_0969,2023-12-24 12:42:37.962625
Observation_0970,2025-02-02 12:42:37.962625
Observation_0971,2023-06-20 12:42:37.962625
Observation_0972,2023-09-05 12:42:37.962625
Observation_0973,2023-11-29 12:42:37.962625
Observation_0974,2023-09-22 12:42:37.962625
Observation_0975,2024-10-14 12:42:37.962625
Observation_0976,2023-06-13 12:42:37.962625
Observation_0977,2023-09-05 12:42:37.962625
Observation_0978,2023-03-31 12:42:37.962625
Observation_0979,2024-05-20 12:42:37.962625
Observation_0980,2024-07-02 12:42:37.962625
Observation_0981,2025-03-03 12:42:37.962625
Observation_0982,2024-11-26 12:42:37.962625
Observation_0983,2024-07-22 12:42:37.962625
Observation_0984,2024-01-21 12:42:37.962625
Observation_0985,2023-05-01 12:42:37.962625
Observation_0986,2023-11-21 12:42:37.962625
Observation_0987,2024-01-18 12:42:37.962625
Observation_0988,2025-03-21 12:42:37.962625
Observation_0989,2024-01-12 12:42:37.962625
Observation_0990,2025-03-17 12:42:37.962625
Observation_0991,2024-07-05 12:42:37.962625
Observation_0992,2023-06-09 12:42:37.962625
Observation_0993,2025-03-01 12:42:37.962625
Observation_0994,2023-11-23 12:42:37.962625
Observation_0995,2023-12-24 12:42:37.962625
Observation_0996,2024-12-28 12:42:37.962625
Observation_0997,2024-11-21 12:42:37.962625
Observation_0998,2025-02-03 12:42:37.962625
Observation_0999,2023-10-17 12:42:37.962625
